group,feature_dropped,anchor_feature,abs_correlation,threshold,method
expression,EXPR_ACSM2B,EXPR_ACSM2A,0.9963118691371043,0.75,full_correlation_matrix
expression,EXPR_FGG,EXPR_FGA,0.9930573811829154,0.75,full_correlation_matrix
expression,EXPR_FGB,EXPR_FGA,0.9897364440292098,0.75,full_correlation_matrix
expression,EXPR_ORM2,EXPR_ORM1,0.9897291083969127,0.75,full_correlation_matrix
expression,EXPR_SERPINC1,EXPR_FHR2,0.9893834151467077,0.75,full_correlation_matrix
expression,EXPR_FHR2,EXPR_BDK,0.9889920381203319,0.75,full_correlation_matrix
expression,EXPR_F2,EXPR_BDK,0.9884801544930032,0.75,full_correlation_matrix
expression,EXPR_PLG,EXPR_BDK,0.9878589686828877,0.75,full_correlation_matrix
expression,EXPR_BDK,EXPR_APOC3,0.9873975721996908,0.75,full_correlation_matrix
expression,EXPR_CTRB2,EXPR_CTRB1,0.9867468225368313,0.75,full_correlation_matrix
expression,EXPR_HY,EXPR_DDX3Y,0.9844487427062214,0.75,full_correlation_matrix
expression,EXPR_UGT2B4,EXPR_F2,0.984012630700319,0.75,full_correlation_matrix
expression,EXPR_C8B,EXPR_C8A,0.983875908568472,0.75,full_correlation_matrix
expression,EXPR_SERPINA6,EXPR_GC,0.9827821232075596,0.75,full_correlation_matrix
expression,EXPR_FGA,EXPR_AMBP,0.9826797158718511,0.75,full_correlation_matrix
expression,EXPR_HFE2,EXPR_FHR2,0.981363351207429,0.75,full_correlation_matrix
expression,EXPR_APOA5,EXPR_ACSM2B,0.9811582676002568,0.75,full_correlation_matrix
expression,EXPR_F13B,EXPR_ACSM2B,0.98035901992246,0.75,full_correlation_matrix
expression,EXPR_HAO1,EXPR_ANGPTL3,0.9802285527660682,0.75,full_correlation_matrix
expression,EXPR_APOC3,EXPR_APOA2,0.9800876445371569,0.75,full_correlation_matrix
expression,EXPR_AFM,EXPR_ACSM2B,0.9800520007799006,0.75,full_correlation_matrix
expression,EXPR_SULT2A1,EXPR_ACSM2B,0.9795486923786695,0.75,full_correlation_matrix
expression,EXPR_C8A,EXPR_ANGPTL3,0.9794579621386801,0.75,full_correlation_matrix
expression,EXPR_APOA2,EXPR_AHSG,0.9792172631368314,0.75,full_correlation_matrix
expression,EXPR_PLA2G12B,EXPR_LOC285733,0.9790269605948748,0.75,full_correlation_matrix
expression,EXPR_MAGEA6,EXPR_MAGEA3,0.9787796164151347,0.75,full_correlation_matrix
expression,EXPR_ITIH1,EXPR_F2,0.978353701506269,0.75,full_correlation_matrix
expression,EXPR_SERPINA10,EXPR_APOH,0.978292814712374,0.75,full_correlation_matrix
expression,EXPR_ANGPTL3,EXPR_ACSM2B,0.9782193640937881,0.75,full_correlation_matrix
expression,EXPR_LINC00261,EXPR_FOXA2,0.9773273788997768,0.75,full_correlation_matrix
expression,EXPR_SAA2,EXPR_SAA1,0.9772556602573241,0.75,full_correlation_matrix
expression,EXPR_HRG,EXPR_BDK,0.9762223286637933,0.75,full_correlation_matrix
expression,EXPR_GC,EXPR_AMBP,0.9754082387596023,0.75,full_correlation_matrix
expression,EXPR_RPS4Y1,EXPR_DDX3Y,0.974675579454968,0.75,full_correlation_matrix
expression,EXPR_SLCO1B1,EXPR_F13B,0.974619142189831,0.75,full_correlation_matrix
expression,EXPR_LOC285733,EXPR_F2,0.9742603037196916,0.75,full_correlation_matrix
expression,EXPR_AMBP,EXPR_ALB,0.9738391265923605,0.75,full_correlation_matrix
expression,EXPR_PNLIP,EXPR_CTRB1,0.9735538525819883,0.75,full_correlation_matrix
expression,EXPR_ORM1,EXPR_C8B,0.9734665427025466,0.75,full_correlation_matrix
expression,EXPR_HPX,EXPR_F2,0.9722843783988391,0.75,full_correlation_matrix
expression,EXPR_G6PC,EXPR_BDK,0.9722460212147892,0.75,full_correlation_matrix
expression,EXPR_UGT2B10,EXPR_ACSM2A,0.972211457412884,0.75,full_correlation_matrix
expression,EXPR_CYP4A11,EXPR_C8A,0.9717429179819232,0.75,full_correlation_matrix
expression,EXPR_TM4SF4,EXPR_MODY1,0.971708145328965,0.75,full_correlation_matrix
expression,EXPR_TYR,EXPR_MLANA,0.9716377940092911,0.75,full_correlation_matrix
expression,EXPR_ADH6,EXPR_A1CF,0.9714586446688914,0.75,full_correlation_matrix
expression,EXPR_APOH,EXPR_AMBP,0.9710536749898343,0.75,full_correlation_matrix
expression,EXPR_SLC2A2,EXPR_ADH1A,0.9708212573789431,0.75,full_correlation_matrix
expression,EXPR_EIF1AY,EXPR_DDX3Y,0.9699821143155931,0.75,full_correlation_matrix
expression,EXPR_AGXT,EXPR_ACSM2B,0.9699623890591772,0.75,full_correlation_matrix
expression,EXPR_CTRB1,EXPR_CELA3A,0.9691784755522069,0.75,full_correlation_matrix
expression,EXPR_SLC22A9,EXPR_PLA2G12B,0.9685041850053928,0.75,full_correlation_matrix
expression,EXPR_AHSG,EXPR_ACSM2B,0.9684886676160325,0.75,full_correlation_matrix
expression,EXPR_SLC17A4,EXPR_F11,0.968310286907768,0.75,full_correlation_matrix
expression,EXPR_F11,EXPR_AMBP,0.9680764745085638,0.75,full_correlation_matrix
expression,EXPR_C4BPB,EXPR_C4BPA,0.9676290334473836,0.75,full_correlation_matrix
expression,EXPR_AGXT2,EXPR_ACSM2B,0.9673460992647585,0.75,full_correlation_matrix
expression,EXPR_PRODH2,EXPR_F2,0.9673180562042868,0.75,full_correlation_matrix
expression,EXPR_SERPIND1,EXPR_F2,0.9671844659158215,0.75,full_correlation_matrix
expression,EXPR_APCS,EXPR_AMBP,0.9665479168502396,0.75,full_correlation_matrix
expression,EXPR_CCL16,EXPR_ACSM2A,0.9665296894850314,0.75,full_correlation_matrix
expression,EXPR_APOB,EXPR_ALB,0.9658727170693808,0.75,full_correlation_matrix
expression,EXPR_F9,EXPR_BDK,0.9654077826414772,0.75,full_correlation_matrix
expression,EXPR_UPB1,EXPR_ACSM2B,0.9651862417606314,0.75,full_correlation_matrix
expression,EXPR_TDD,EXPR_AKR1C1,0.9649387585593123,0.75,full_correlation_matrix
expression,EXPR_UGT1A9,EXPR_UGT1A6,0.9648724288839573,0.75,full_correlation_matrix
expression,EXPR_AKR1C4,EXPR_ADH1A,0.9646937506195996,0.75,full_correlation_matrix
expression,EXPR_MODY1,EXPR_FOXA2,0.9646880428430289,0.75,full_correlation_matrix
expression,EXPR_C4BPA,EXPR_AMBP,0.9641680076429574,0.75,full_correlation_matrix
expression,EXPR_DIO1,EXPR_ACSM2B,0.9641658962558257,0.75,full_correlation_matrix
expression,EXPR_PGLYRP2,EXPR_FHR2,0.9636482951941807,0.75,full_correlation_matrix
expression,EXPR_KRT8,EXPR_KRT18,0.9633680921535299,0.75,full_correlation_matrix
expression,EXPR_APOA1,EXPR_AHSG,0.9631252303673142,0.75,full_correlation_matrix
expression,EXPR_NR1H4,EXPR_AMBP,0.9630094857308357,0.75,full_correlation_matrix
expression,EXPR_VTN,EXPR_ALB,0.9625799071518698,0.75,full_correlation_matrix
expression,EXPR_SLC10A1,EXPR_RTP3,0.9623717414971825,0.75,full_correlation_matrix
expression,EXPR_TM4SF5,EXPR_C4BPB,0.9620080970448761,0.75,full_correlation_matrix
expression,EXPR_HMGCS2,EXPR_A1CF,0.9617573334629596,0.75,full_correlation_matrix
expression,EXPR_LEAP2,EXPR_HPX,0.9612557457867488,0.75,full_correlation_matrix
expression,EXPR_ASGR2,EXPR_ASGR1,0.9609712234161049,0.75,full_correlation_matrix
expression,EXPR_SLC22A7,EXPR_FHR2,0.9602454161407832,0.75,full_correlation_matrix
expression,EXPR_SERPINA11,EXPR_F2,0.9600868704117769,0.75,full_correlation_matrix
expression,EXPR_SLC17A2,EXPR_PLG,0.9593958760830594,0.75,full_correlation_matrix
expression,EXPR_CPA1,EXPR_CELA3A,0.9593195705926669,0.75,full_correlation_matrix
expression,EXPR_ALB,EXPR_ADH1A,0.9591125249148817,0.75,full_correlation_matrix
expression,EXPR_RTP3,EXPR_ACSM2A,0.958805472610909,0.75,full_correlation_matrix
expression,EXPR_PROC,EXPR_ADH6,0.9587491959079533,0.75,full_correlation_matrix
expression,EXPR_PON1,EXPR_C8A,0.9586019928517168,0.75,full_correlation_matrix
expression,EXPR_FABP1,EXPR_APOA1,0.9584675766353423,0.75,full_correlation_matrix
expression,EXPR_ADH1A,EXPR_ACSM2B,0.9584195515862165,0.75,full_correlation_matrix
expression,EXPR_PAH,EXPR_APOH,0.9583942371585443,0.75,full_correlation_matrix
expression,EXPR_CPB2,EXPR_BDK,0.9580732090721606,0.75,full_correlation_matrix
expression,EXPR_DMGDH,EXPR_BHMT2,0.9575175068886242,0.75,full_correlation_matrix
expression,EXPR_CFHR1,EXPR_BDK,0.9572126231583977,0.75,full_correlation_matrix
expression,EXPR_ITIH2,EXPR_ALB,0.9572023503441857,0.75,full_correlation_matrix
expression,EXPR_SERPINA4,EXPR_MODY1,0.9566960482056444,0.75,full_correlation_matrix
expression,EXPR_PLI,EXPR_ASGR2,0.955457136584847,0.75,full_correlation_matrix
expression,EXPR_F7,EXPR_F2,0.9550770920826208,0.75,full_correlation_matrix
expression,EXPR_FGL1,EXPR_FGG,0.9550621929110564,0.75,full_correlation_matrix
expression,EXPR_CPN2,EXPR_ACSM2A,0.9549868065972449,0.75,full_correlation_matrix
expression,EXPR_DPYS,EXPR_ACSM2A,0.9549277978098842,0.75,full_correlation_matrix
expression,EXPR_CREB3L3,EXPR_APOB,0.9544978327742434,0.75,full_correlation_matrix
expression,EXPR_GLYATL1,EXPR_ACSM2A,0.9543960389125473,0.75,full_correlation_matrix
expression,EXPR_AADAC,EXPR_A1CF,0.9541981661741773,0.75,full_correlation_matrix
expression,EXPR_C8G,EXPR_BDK,0.9541106259762003,0.75,full_correlation_matrix
expression,EXPR_PRAP1,EXPR_C4BPB,0.9538056368689551,0.75,full_correlation_matrix
expression,EXPR_DAO,EXPR_ACSM2A,0.9536319917823405,0.75,full_correlation_matrix
expression,EXPR_ALDOB,EXPR_A1CF,0.9536076732669193,0.75,full_correlation_matrix
expression,EXPR_ACSM2A,EXPR_ABCG8,0.9533428203559706,0.75,full_correlation_matrix
expression,EXPR_HGD,EXPR_C4BPB,0.9533231128515532,0.75,full_correlation_matrix
expression,EXPR_HULC,EXPR_FHR2,0.9532681258069707,0.75,full_correlation_matrix
expression,EXPR_SAA4,EXPR_ORM1,0.9531014023194072,0.75,full_correlation_matrix
expression,EXPR_FTCD,EXPR_ANGPTL3,0.9527440206924769,0.75,full_correlation_matrix
expression,EXPR_CFHR5,EXPR_ACSM2A,0.952539395330061,0.75,full_correlation_matrix
expression,EXPR_RBP4,EXPR_C4BPB,0.9521375371720189,0.75,full_correlation_matrix
expression,EXPR_CYP4A22,EXPR_ACSM2A,0.9520446031323576,0.75,full_correlation_matrix
expression,EXPR_UGT2B15,EXPR_SLC17A4,0.9520037557980746,0.75,full_correlation_matrix
expression,EXPR_TAT,EXPR_HAO1,0.9515697289401426,0.75,full_correlation_matrix
expression,EXPR_SPP2,EXPR_AFM,0.9515267044392414,0.75,full_correlation_matrix
expression,EXPR_ABCG8,EXPR_ABCG5,0.9513760013557696,0.75,full_correlation_matrix
expression,EXPR_CYP2C9,EXPR_C4BPB,0.9512388906231442,0.75,full_correlation_matrix
expression,EXPR_C3P1,EXPR_ACSM2A,0.95108554279691,0.75,full_correlation_matrix
expression,EXPR_ADH4,EXPR_ADH1A,0.9510803574995359,0.75,full_correlation_matrix
expression,EXPR_NR0B2,EXPR_A1CF,0.9509937789460304,0.75,full_correlation_matrix
expression,EXPR_APOF,EXPR_ACSM2A,0.9509408295224543,0.75,full_correlation_matrix
expression,EXPR_CFHR4,EXPR_ACSM2A,0.950809930285322,0.75,full_correlation_matrix
expression,EXPR_GLTPD2,EXPR_F2,0.9504518518079984,0.75,full_correlation_matrix
expression,EXPR_UGT1A4,EXPR_UGT1A3,0.9503188084840369,0.75,full_correlation_matrix
expression,EXPR_ITIHL1,EXPR_HPX,0.9498851258928569,0.75,full_correlation_matrix
expression,EXPR_SERPINA7,EXPR_FHR2,0.9495751223704529,0.75,full_correlation_matrix
expression,EXPR_TMPRSS6,EXPR_SERPINA10,0.9490935043340016,0.75,full_correlation_matrix
expression,EXPR_CDHR5,EXPR_C4BPB,0.9490487915313598,0.75,full_correlation_matrix
expression,EXPR_CYP8B1,EXPR_ACSM2A,0.9488795572516974,0.75,full_correlation_matrix
expression,EXPR_INS,EXPR_GCG,0.9488004920246943,0.75,full_correlation_matrix
expression,EXPR_CEACAM6,EXPR_CEACAM5,0.9482858455741895,0.75,full_correlation_matrix
expression,EXPR_FOXA2,EXPR_ANKS4B,0.9481780993045873,0.75,full_correlation_matrix
expression,EXPR_ITIH3,EXPR_C8B,0.9480761991180153,0.75,full_correlation_matrix
expression,EXPR_APOC4,EXPR_ACSM2A,0.9480463429556133,0.75,full_correlation_matrix
expression,EXPR_PXE,EXPR_ITIH2,0.9480277714496957,0.75,full_correlation_matrix
expression,EXPR_CES1P1,EXPR_CES1,0.9478090745163484,0.75,full_correlation_matrix
expression,EXPR_OTC,EXPR_ABCG8,0.9473677783702852,0.75,full_correlation_matrix
expression,EXPR_PLP1,EXPR_GPM6B,0.9472711866281,0.75,full_correlation_matrix
expression,EXPR_ANGPTL8,EXPR_AHSG,0.9469993635970829,0.75,full_correlation_matrix
expression,EXPR_CYP2D6,EXPR_BDK,0.9468911491824069,0.75,full_correlation_matrix
expression,EXPR_GLYAT,EXPR_CYP8B1,0.9467982688596037,0.75,full_correlation_matrix
expression,EXPR_F10,EXPR_A1CF,0.9467374409137581,0.75,full_correlation_matrix
expression,EXPR_PDZK1,EXPR_A1CF,0.9467074793374248,0.75,full_correlation_matrix
expression,EXPR_BHMT,EXPR_ACSM2A,0.9465277451899592,0.75,full_correlation_matrix
expression,EXPR_UGT1A6,EXPR_C4BPB,0.9464455420975418,0.75,full_correlation_matrix
expression,EXPR_GSTA2,EXPR_GSTA1,0.9463769077186228,0.75,full_correlation_matrix
expression,EXPR_CYP4F2,EXPR_ACSM2A,0.9458672293431041,0.75,full_correlation_matrix
expression,EXPR_CCL15,EXPR_A1CF,0.9457651556538424,0.75,full_correlation_matrix
expression,EXPR_HPR,EXPR_HP,0.944779835640936,0.75,full_correlation_matrix
expression,EXPR_ASGR1,EXPR_ACSM2B,0.9439856784403391,0.75,full_correlation_matrix
expression,EXPR_AKR1D1,EXPR_ACSM2A,0.9435256736136511,0.75,full_correlation_matrix
expression,EXPR_KLB,EXPR_APOH,0.9432760232904167,0.75,full_correlation_matrix
expression,EXPR_HEPN1,EXPR_HEPACAM,0.9430701103757403,0.75,full_correlation_matrix
expression,EXPR_ENPP7,EXPR_ACSM2B,0.9429108762381969,0.75,full_correlation_matrix
expression,EXPR_SLC38A4,EXPR_SERPINA10,0.941906186964991,0.75,full_correlation_matrix
expression,EXPR_UGT1A1,EXPR_AADAC,0.941297858912952,0.75,full_correlation_matrix
expression,EXPR_INHBC,EXPR_AFM,0.9410197733314601,0.75,full_correlation_matrix
expression,EXPR_HSD17B5,EXPR_AKR1C1,0.9405540681061623,0.75,full_correlation_matrix
expression,EXPR_LECT2,EXPR_HFE2,0.9403179901117521,0.75,full_correlation_matrix
expression,EXPR_MBL2,EXPR_FHR2,0.9399098596424317,0.75,full_correlation_matrix
expression,EXPR_CYP2A6,EXPR_ACSM2A,0.9397315782344817,0.75,full_correlation_matrix
expression,EXPR_SLC39A5,EXPR_SERPINA4,0.9394013241231854,0.75,full_correlation_matrix
expression,EXPR_MLANA,EXPR_LINC00518,0.9388301457785656,0.75,full_correlation_matrix
expression,EXPR_FETUB,EXPR_ARG1,0.9379293174079382,0.75,full_correlation_matrix
expression,EXPR_GPM6B,EXPR_C4BPB,0.9368495723319934,0.75,full_correlation_matrix
expression,EXPR_DDC,EXPR_ANKS4B,0.9363886917670317,0.75,full_correlation_matrix
expression,EXPR_TMEM184A,EXPR_CBLC,0.9361621855097874,0.75,full_correlation_matrix
expression,EXPR_LRG1,EXPR_C4BPB,0.9354983642105228,0.75,full_correlation_matrix
expression,EXPR_KRTL1,EXPR_KRT6A,0.9350043856191441,0.75,full_correlation_matrix
expression,EXPR_PAQR9,EXPR_ASGR1,0.9342650954871621,0.75,full_correlation_matrix
expression,EXPR_GYS2,EXPR_CYP8B1,0.9340749529728721,0.75,full_correlation_matrix
expression,EXPR_GSTA1,EXPR_C4BPB,0.9338231387893686,0.75,full_correlation_matrix
expression,EXPR_ACMSD,EXPR_A1CF,0.9336715322746556,0.75,full_correlation_matrix
expression,EXPR_SERPINA1,EXPR_C4BPB,0.9335240011141521,0.75,full_correlation_matrix
expression,EXPR_CYP2B,EXPR_ALDOB,0.933514117781612,0.75,full_correlation_matrix
expression,EXPR_CPB1,EXPR_CPA1,0.9331370276262182,0.75,full_correlation_matrix
expression,EXPR_ARG1,EXPR_ACSM2A,0.9327676012824971,0.75,full_correlation_matrix
expression,EXPR_CYP4F3,EXPR_CYP4F12,0.9322355534964706,0.75,full_correlation_matrix
expression,EXPR_KLKB1,EXPR_ITIHL1,0.9317450560042844,0.75,full_correlation_matrix
expression,EXPR_HP,EXPR_ASGR1,0.931455240503373,0.75,full_correlation_matrix
expression,EXPR_ANKS4B,EXPR_ADH6,0.9311857864125553,0.75,full_correlation_matrix
expression,EXPR_RDH16,EXPR_CYP8B1,0.930406113341056,0.75,full_correlation_matrix
expression,EXPR_LBP,EXPR_ASGR2,0.9300767976297732,0.75,full_correlation_matrix
expression,EXPR_GOLT1A,EXPR_C4BPB,0.9299438847055015,0.75,full_correlation_matrix
expression,EXPR_MASP2,EXPR_HPX,0.9298923946365799,0.75,full_correlation_matrix
expression,EXPR_CRP,EXPR_APCS,0.9291849667036299,0.75,full_correlation_matrix
expression,EXPR_TFR2,EXPR_FHR2,0.9291180151301495,0.75,full_correlation_matrix
expression,EXPR_PCK1,EXPR_ALDOB,0.9288549829563362,0.75,full_correlation_matrix
expression,EXPR_CFB,EXPR_C4BPB,0.9284826969778621,0.75,full_correlation_matrix
expression,EXPR_CYP2C8,EXPR_C8A,0.9276801719693185,0.75,full_correlation_matrix
expression,EXPR_S100B,EXPR_PLP1,0.9275515135842819,0.75,full_correlation_matrix
expression,EXPR_CFHR3,EXPR_CFHR1,0.9274239014411287,0.75,full_correlation_matrix
expression,EXPR_ALDH8A1,EXPR_ACSM2A,0.9272722520898645,0.75,full_correlation_matrix
expression,EXPR_IGSF11,EXPR_GPM6B,0.925654188664326,0.75,full_correlation_matrix
expression,EXPR_LIPC,EXPR_APOH,0.9256519229953661,0.75,full_correlation_matrix
expression,EXPR_FGF21,EXPR_ANGPTL8,0.9254602493323724,0.75,full_correlation_matrix
expression,EXPR_PFIC2,EXPR_CYP8B1,0.9252092149378303,0.75,full_correlation_matrix
expression,EXPR_TRIM15,EXPR_LGALS4,0.92488998379468,0.75,full_correlation_matrix
expression,EXPR_HPD,EXPR_HP,0.9247704006418385,0.75,full_correlation_matrix
expression,EXPR_PRSS1,EXPR_PNLIP,0.9244150363709003,0.75,full_correlation_matrix
expression,EXPR_MOGAT3,EXPR_CREB3L3,0.9239989196027137,0.75,full_correlation_matrix
expression,EXPR_NCAN,EXPR_GFAP,0.9238653865552603,0.75,full_correlation_matrix
expression,EXPR_SERPINB5,EXPR_COL17A1,0.9236466467546305,0.75,full_correlation_matrix
expression,EXPR_UGT2A3,EXPR_TM4SF4,0.9232835765953828,0.75,full_correlation_matrix
expression,EXPR_KRT6A,EXPR_KRT14,0.9232590992618871,0.75,full_correlation_matrix
expression,EXPR_HSD17B2,EXPR_CYP2C18,0.9229906526057653,0.75,full_correlation_matrix
expression,EXPR_NAT8,EXPR_F2,0.9225523488603337,0.75,full_correlation_matrix
expression,EXPR_GCKR,EXPR_C4BPB,0.9222374008674792,0.75,full_correlation_matrix
expression,EXPR_CYP3A5,EXPR_ANKS4B,0.9217302833922907,0.75,full_correlation_matrix
expression,EXPR_TMPRSS4,EXPR_CEACAM6,0.9214624445440296,0.75,full_correlation_matrix
expression,EXPR_SLC38A3,EXPR_RGN,0.9213778687976913,0.75,full_correlation_matrix
expression,EXPR_XDH,EXPR_CYP2C18,0.9203869143949489,0.75,full_correlation_matrix
expression,EXPR_TRPM1,EXPR_D12S53E,0.9203235993080268,0.75,full_correlation_matrix
expression,EXPR_SLC22A1,EXPR_HRG,0.9202416372457459,0.75,full_correlation_matrix
expression,EXPR_C6,EXPR_C4BPA,0.9201501963629428,0.75,full_correlation_matrix
expression,EXPR_PIPOX,EXPR_HPR,0.9200916221415636,0.75,full_correlation_matrix
expression,EXPR_GRB7,EXPR_CBLC,0.9198710451056059,0.75,full_correlation_matrix
expression,EXPR_ADH1C,EXPR_AADAC,0.9197354990819766,0.75,full_correlation_matrix
expression,EXPR_ADH1B,EXPR_ADH1A,0.9192159014788331,0.75,full_correlation_matrix
expression,EXPR_UGT1A3,EXPR_UGT1A1,0.9190620245104989,0.75,full_correlation_matrix
expression,EXPR_HABP2,EXPR_GC,0.9189019135078387,0.75,full_correlation_matrix
expression,EXPR_RGN,EXPR_PIPOX,0.9186461319271682,0.75,full_correlation_matrix
expression,EXPR_HNF1B,EXPR_CCDC198,0.9179649627745542,0.75,full_correlation_matrix
expression,EXPR_HSD17B6,EXPR_HPR,0.917013208661967,0.75,full_correlation_matrix
expression,EXPR_INHBE,EXPR_ANGPTL8,0.9165719088428639,0.75,full_correlation_matrix
expression,EXPR_SLC27A2,EXPR_C4BPB,0.9156399533022451,0.75,full_correlation_matrix
expression,EXPR_SLC22A3,EXPR_C4BPB,0.9145376818416482,0.75,full_correlation_matrix
expression,EXPR_CES1,EXPR_AMBP,0.9137915978764184,0.75,full_correlation_matrix
expression,EXPR_CYP2C18,EXPR_ALDOB,0.9137913371292611,0.75,full_correlation_matrix
expression,EXPR_BHMT2,EXPR_APOB,0.9134442875069579,0.75,full_correlation_matrix
expression,EXPR_PTPRZ1,EXPR_GPM6B,0.9134227382383667,0.75,full_correlation_matrix
expression,EXPR_UGT2B11,EXPR_UGT2B10,0.9121561955584395,0.75,full_correlation_matrix
expression,EXPR_TRIM63,EXPR_MLANA,0.9118921563588097,0.75,full_correlation_matrix
expression,EXPR_CCDC198,EXPR_ANKS4B,0.9115387897173285,0.75,full_correlation_matrix
expression,EXPR_CYP3A7,EXPR_BDK,0.9107138010873558,0.75,full_correlation_matrix
expression,EXPR_C6orf71,EXPR_ANKS4B,0.9102686772478369,0.75,full_correlation_matrix
expression,EXPR_ELF3,EXPR_CBLC,0.9099548445777412,0.75,full_correlation_matrix
expression,EXPR_GPX2,EXPR_FUT6,0.9096824831380811,0.75,full_correlation_matrix
expression,EXPR_IGFBP1,EXPR_APOB,0.9096639898349406,0.75,full_correlation_matrix
expression,EXPR_VIL1,EXPR_TM4SF4,0.9090560978033272,0.75,full_correlation_matrix
expression,EXPR_LGALS4,EXPR_HNF1B,0.9083665891468926,0.75,full_correlation_matrix
expression,EXPR_FUT6,EXPR_ELF3,0.9073664380763988,0.75,full_correlation_matrix
expression,EXPR_TTR,EXPR_GC,0.9070889109424598,0.75,full_correlation_matrix
expression,EXPR_SLC25A47,EXPR_APOF,0.9069692688943659,0.75,full_correlation_matrix
expression,EXPR_PON3,EXPR_PON1,0.9058975079079545,0.75,full_correlation_matrix
expression,EXPR_MLXIPL,EXPR_ITIH2,0.9056165078392212,0.75,full_correlation_matrix
expression,EXPR_HPN,EXPR_AMBP,0.9046727119665058,0.75,full_correlation_matrix
expression,EXPR_ACOT12,EXPR_ABCG8,0.9044985991833319,0.75,full_correlation_matrix
expression,EXPR_FOXA1,EXPR_C4BPB,0.9043517663582121,0.75,full_correlation_matrix
expression,EXPR_KIF12,EXPR_HNF1B,0.9031369774127074,0.75,full_correlation_matrix
expression,EXPR_SLC15A1,EXPR_CBLC,0.9016641471536503,0.75,full_correlation_matrix
expression,EXPR_TJP3,EXPR_FUT6,0.9008209792704209,0.75,full_correlation_matrix
expression,EXPR_SLC30A10,EXPR_HPR,0.900577349861923,0.75,full_correlation_matrix
expression,EXPR_CYP4F12,EXPR_CDHR5,0.9003365599665851,0.75,full_correlation_matrix
expression,EXPR_CYP3A3,EXPR_ADH4,0.899856616520813,0.75,full_correlation_matrix
expression,EXPR_LINC00518,EXPR_GAPDHS,0.8987687615864346,0.75,full_correlation_matrix
expression,EXPR_MIR9-1HG,EXPR_GFAP,0.8986570327875024,0.75,full_correlation_matrix
expression,EXPR_C9,EXPR_APOF,0.8986134503407909,0.75,full_correlation_matrix
expression,EXPR_FMO3,EXPR_ADH1A,0.8977932296381688,0.75,full_correlation_matrix
expression,EXPR_FOXA3,EXPR_FOXA2,0.8977323315036296,0.75,full_correlation_matrix
expression,EXPR_SLC45A2,EXPR_MLANA,0.8971233583169338,0.75,full_correlation_matrix
expression,EXPR_ASPDH,EXPR_ASGR1,0.8964022231060224,0.75,full_correlation_matrix
expression,EXPR_OLIG2,EXPR_OLIG1,0.8959764139522968,0.75,full_correlation_matrix
expression,EXPR_SLC6A1,EXPR_SLC38A3,0.8947719725816615,0.75,full_correlation_matrix
expression,EXPR_PAX3,EXPR_DCT,0.8938589980183643,0.75,full_correlation_matrix
expression,EXPR_MAL2,EXPR_ELF3,0.8932301527300105,0.75,full_correlation_matrix
expression,EXPR_DOM,EXPR_CYP4F3,0.8927511264946055,0.75,full_correlation_matrix
expression,EXPR_EXTL1,EXPR_DOM,0.8924217788043104,0.75,full_correlation_matrix
expression,EXPR_MTTP,EXPR_HPR,0.8920909579868209,0.75,full_correlation_matrix
expression,EXPR_AKR1C1,EXPR_AADAC,0.8913378856700112,0.75,full_correlation_matrix
expression,EXPR_HAL,EXPR_ARG1,0.8909772510058557,0.75,full_correlation_matrix
expression,EXPR_NSG1,EXPR_DOM,0.8897136277637862,0.75,full_correlation_matrix
expression,EXPR_RORC,EXPR_GPM6B,0.8895293899416462,0.75,full_correlation_matrix
expression,EXPR_SLC24A5,EXPR_PAX3,0.8890041956907644,0.75,full_correlation_matrix
expression,EXPR_AOX1,EXPR_ADH1A,0.8889477582325807,0.75,full_correlation_matrix
expression,EXPR_MAT1A,EXPR_CPB2,0.8879686401683429,0.75,full_correlation_matrix
expression,EXPR_MAGEA3,EXPR_MAGEA2,0.887067547177573,0.75,full_correlation_matrix
expression,EXPR_CLDN3,EXPR_ANKS4B,0.885715929548519,0.75,full_correlation_matrix
expression,EXPR_REG1B,EXPR_CTRB1,0.8854710181857661,0.75,full_correlation_matrix
expression,EXPR_TFF1,EXPR_AGR2,0.8843283609422041,0.75,full_correlation_matrix
expression,EXPR_TFAP2A,EXPR_RGN,0.8836566848998559,0.75,full_correlation_matrix
expression,EXPR_PCHC1,EXPR_KRT16,0.8830787746347865,0.75,full_correlation_matrix
expression,EXPR_SLC13A5,EXPR_PROC,0.8827257589036008,0.75,full_correlation_matrix
expression,EXPR_KRT5,EXPR_KRT14,0.8823745282140134,0.75,full_correlation_matrix
expression,EXPR_HAO2,EXPR_F9,0.8823132580267,0.75,full_correlation_matrix
expression,EXPR_GBP7,EXPR_C3P1,0.8806847263932422,0.75,full_correlation_matrix
expression,EXPR_ITGB6,EXPR_CEACAM6,0.8804309640651146,0.75,full_correlation_matrix
expression,EXPR_GFAP,EXPR_AQP4,0.8800573430030804,0.75,full_correlation_matrix
expression,EXPR_MAB21L4,EXPR_CBLC,0.8799427340384134,0.75,full_correlation_matrix
expression,EXPR_PIGR,EXPR_LGALS4,0.8792885094077358,0.75,full_correlation_matrix
expression,EXPR_F5,EXPR_C4BPB,0.8783870771727224,0.75,full_correlation_matrix
expression,EXPR_KRT16,EXPR_KRT14,0.8782962158087677,0.75,full_correlation_matrix
expression,EXPR_MAGEA2,EXPR_MAGEA12,0.8778698294967275,0.75,full_correlation_matrix
expression,EXPR_XIST,EXPR_RPS4Y1,0.8765205432636992,0.75,full_correlation_matrix
expression,EXPR_GAPDHS,EXPR_D12S53E,0.8762804504127544,0.75,full_correlation_matrix
expression,EXPR_SLC6A15,EXPR_DOM,0.8755664998920906,0.75,full_correlation_matrix
expression,EXPR_UGT2B7,EXPR_UGT2B10,0.8748598807668239,0.75,full_correlation_matrix
expression,EXPR_UGT3A1,EXPR_AGXT2,0.8740469457294568,0.75,full_correlation_matrix
expression,EXPR_ABCG5,EXPR_A1CF,0.8739882745095283,0.75,full_correlation_matrix
expression,EXPR_CYP7A1,EXPR_ACSM2A,0.8737667839958154,0.75,full_correlation_matrix
expression,EXPR_HCHOLA3,EXPR_GPM6B,0.8733143210900424,0.75,full_correlation_matrix
expression,EXPR_TRIM55,EXPR_F9,0.8728860166270666,0.75,full_correlation_matrix
expression,EXPR_ANX14,EXPR_ANKS4B,0.872298232204597,0.75,full_correlation_matrix
expression,EXPR_MISP,EXPR_KRT19,0.8713453091095965,0.75,full_correlation_matrix
expression,EXPR_KRT18,EXPR_GPM6B,0.8707303889719427,0.75,full_correlation_matrix
expression,EXPR_MT3,EXPR_MIR9-1HG,0.8688041406602871,0.75,full_correlation_matrix
expression,EXPR_CYP2E1,EXPR_ADH4,0.8687178093510581,0.75,full_correlation_matrix
expression,EXPR_ERICH5,EXPR_CRP,0.8681924999213808,0.75,full_correlation_matrix
expression,EXPR_ACSM1,EXPR_AADAC,0.8681386733410401,0.75,full_correlation_matrix
expression,EXPR_TRIM29,EXPR_SERPINB5,0.867349890660287,0.75,full_correlation_matrix
expression,EXPR_BAAT,EXPR_ADH1A,0.8647115982935071,0.75,full_correlation_matrix
expression,EXPR_LAMC2,EXPR_ITGB6,0.8642958829458889,0.75,full_correlation_matrix
expression,EXPR_KLK10,EXPR_COL17A1,0.8639662707003485,0.75,full_correlation_matrix
expression,EXPR_PKLR,EXPR_CPB2,0.8619599942145794,0.75,full_correlation_matrix
expression,EXPR_TSPAN8,EXPR_HNF1B,0.8619133146450592,0.75,full_correlation_matrix
expression,EXPR_RAB25,EXPR_LAMC2,0.8613914527629014,0.75,full_correlation_matrix
expression,EXPR_TMC5,EXPR_AGR2,0.8601738568142958,0.75,full_correlation_matrix
expression,EXPR_CYP4F11,EXPR_CP,0.859644441990715,0.75,full_correlation_matrix
expression,EXPR_GPM6A,EXPR_GFAP,0.8574960123880584,0.75,full_correlation_matrix
expression,EXPR_CLDN2,EXPR_CCDC198,0.8565305398360641,0.75,full_correlation_matrix
expression,EXPR_EPS8L3,EXPR_ELF3,0.8560935058131215,0.75,full_correlation_matrix
expression,EXPR_TFF2,EXPR_TFF1,0.8558514092872544,0.75,full_correlation_matrix
expression,EXPR_REG3A,EXPR_REG1A,0.8546731884443127,0.75,full_correlation_matrix
expression,EXPR_CTSE,EXPR_CLDN18,0.8544961681296385,0.75,full_correlation_matrix
expression,EXPR_AQP9,EXPR_ACSM2A,0.8541814359118824,0.75,full_correlation_matrix
expression,EXPR_GP2,EXPR_CELA3A,0.8538749994047343,0.75,full_correlation_matrix
expression,EXPR_CP,EXPR_CFB,0.8538587678295794,0.75,full_correlation_matrix
expression,EXPR_DEFB1,EXPR_CBLC,0.8532467031442587,0.75,full_correlation_matrix
expression,EXPR_LCN2,EXPR_GPX2,0.8532306533984241,0.75,full_correlation_matrix
expression,EXPR_TF,EXPR_PAQR9,0.8528211370604213,0.75,full_correlation_matrix
expression,EXPR_TMEM45B,EXPR_CYP4F3,0.8516396659239223,0.75,full_correlation_matrix
expression,EXPR_PRR15L,EXPR_EPCAM,0.8480400501257837,0.75,full_correlation_matrix
expression,EXPR_POU3F2,EXPR_KRT8,0.8474387840665711,0.75,full_correlation_matrix
expression,EXPR_KRT19,EXPR_CEACAM6,0.8471572127416247,0.75,full_correlation_matrix
expression,EXPR_CYP17A1,EXPR_ACSM2B,0.8459602166848312,0.75,full_correlation_matrix
expression,EXPR_MSLN,EXPR_DPCR1,0.8459069464342048,0.75,full_correlation_matrix
expression,EXPR_CBLC,EXPR_C6orf71,0.8454886512700245,0.75,full_correlation_matrix
expression,EXPR_OLFM4,EXPR_CEACAM6,0.8451300479260149,0.75,full_correlation_matrix
expression,EXPR_ATP2B2,EXPR_AGT,0.8448320072184673,0.75,full_correlation_matrix
expression,EXPR_MLC1,EXPR_MIR9-1HG,0.843883232742177,0.75,full_correlation_matrix
expression,EXPR_DLL3,EXPR_CDHR5,0.8432881404759636,0.75,full_correlation_matrix
expression,EXPR_UROC1,EXPR_PGLYRP2,0.8422083993106433,0.75,full_correlation_matrix
expression,EXPR_SMOC1,EXPR_RGN,0.8421731842364167,0.75,full_correlation_matrix
expression,EXPR_CDO1,EXPR_ASPDH,0.8416848525830268,0.75,full_correlation_matrix
expression,EXPR_APOD,EXPR_APOB,0.8412397910676348,0.75,full_correlation_matrix
expression,EXPR_APOC2,EXPR_AGXT,0.8384829003089694,0.75,full_correlation_matrix
expression,EXPR_DCT,EXPR_ALX1,0.838037267870954,0.75,full_correlation_matrix
expression,EXPR_SST,EXPR_CHGA,0.8377624346078466,0.75,full_correlation_matrix
expression,EXPR_CLU,EXPR_CDO1,0.836859248422947,0.75,full_correlation_matrix
expression,EXPR_S100A14,EXPR_CBLC,0.8338727595294605,0.75,full_correlation_matrix
expression,EXPR_TSIX,EXPR_DDX3Y,0.8330833518149049,0.75,full_correlation_matrix
expression,EXPR_MASP1,EXPR_ATP2B2,0.8329423676744958,0.75,full_correlation_matrix
expression,EXPR_DPCR1,EXPR_CTSE,0.8324640994974253,0.75,full_correlation_matrix
expression,EXPR_MAPE,EXPR_ALX1,0.8317393054905504,0.75,full_correlation_matrix
expression,EXPR_LINC01018,EXPR_CYP8B1,0.8316676456585756,0.75,full_correlation_matrix
expression,EXPR_MUC13,EXPR_LGALS4,0.8315663421808862,0.75,full_correlation_matrix
expression,EXPR_SPINK1,EXPR_CCDC198,0.8313804784014467,0.75,full_correlation_matrix
expression,EXPR_PTPRN,EXPR_CHGB,0.8296314801949825,0.75,full_correlation_matrix
expression,EXPR_MIA,EXPR_HPR,0.8292088388963894,0.75,full_correlation_matrix
expression,EXPR_GDF1,EXPR_DLL3,0.8287882247318864,0.75,full_correlation_matrix
expression,EXPR_THRSP,EXPR_GLYAT,0.8259905399922945,0.75,full_correlation_matrix
expression,EXPR_PRG4,EXPR_C6,0.8250178181344483,0.75,full_correlation_matrix
expression,EXPR_MUC6,EXPR_CFTR,0.8240502820285951,0.75,full_correlation_matrix
expression,EXPR_SFN,EXPR_S100A14,0.8238821415760497,0.75,full_correlation_matrix
expression,EXPR_CEACAM5,EXPR_C19orf33,0.8235053173824405,0.75,full_correlation_matrix
expression,EXPR_CDH3,EXPR_ASGR1,0.8222156294789461,0.75,full_correlation_matrix
expression,EXPR_REG4,EXPR_CLDN18,0.8216953085674527,0.75,full_correlation_matrix
expression,EXPR_MIC5,EXPR_LEAP2,0.8209780979626816,0.75,full_correlation_matrix
expression,EXPR_AKR1B11,EXPR_AADAC,0.8189572210047216,0.75,full_correlation_matrix
expression,EXPR_ALDH1L1,EXPR_AGT,0.8163945701279454,0.75,full_correlation_matrix
expression,EXPR_SLC6A17,EXPR_NSG1,0.8160931342215947,0.75,full_correlation_matrix
expression,EXPR_SCRG1,EXPR_GRIK3,0.8160343406391718,0.75,full_correlation_matrix
expression,EXPR_GDA,EXPR_CYP3A5,0.8144560064283157,0.75,full_correlation_matrix
expression,EXPR_OLIG1,EXPR_GDF1,0.812619020702461,0.75,full_correlation_matrix
expression,EXPR_CLDN18,EXPR_CEACAM5,0.8123148860483196,0.75,full_correlation_matrix
expression,EXPR_MAGEC2,EXPR_MAGEC1,0.8104053954881815,0.75,full_correlation_matrix
expression,EXPR_COL17A1,EXPR_C19orf33,0.809535972167782,0.75,full_correlation_matrix
expression,EXPR_D12S53E,EXPR_ALX1,0.8093178904335714,0.75,full_correlation_matrix
expression,EXPR_SAA1,EXPR_HP,0.8092336958423648,0.75,full_correlation_matrix
expression,EXPR_PKP3,EXPR_C19orf33,0.8089932792905901,0.75,full_correlation_matrix
expression,EXPR_GPR143,EXPR_D12S53E,0.8080078382196625,0.75,full_correlation_matrix
expression,EXPR_CYP1A2,EXPR_ADH4,0.8075597193137136,0.75,full_correlation_matrix
expression,EXPR_CLDN4,EXPR_AP1M2,0.8068231803259693,0.75,full_correlation_matrix
expression,EXPR_MGST1,EXPR_GCKR,0.8067889282627367,0.75,full_correlation_matrix
expression,EXPR_NPC1L1,EXPR_CCDC198,0.8064560856594044,0.75,full_correlation_matrix
expression,EXPR_GCGR,EXPR_ALDOB,0.8062703774911054,0.75,full_correlation_matrix
expression,EXPR_GCNT3,EXPR_EPS8L3,0.8056153136478383,0.75,full_correlation_matrix
expression,EXPR_KRT7,EXPR_KRT19,0.8052333446458741,0.75,full_correlation_matrix
expression,EXPR_CPS1,EXPR_AGXT2,0.8041078180790576,0.75,full_correlation_matrix
expression,EXPR_MMP7,EXPR_CFTR,0.8015476045292175,0.75,full_correlation_matrix
expression,EXPR_CFTR,EXPR_CEACAM6,0.8015153552959045,0.75,full_correlation_matrix
expression,EXPR_PMP2,EXPR_FABP7,0.7993208578622464,0.75,full_correlation_matrix
expression,EXPR_SERPINA5,EXPR_LRG1,0.799194495036736,0.75,full_correlation_matrix
expression,EXPR_LAD1,EXPR_B3GNT3,0.7987873000648779,0.75,full_correlation_matrix
expression,EXPR_CHGB,EXPR_CHGA,0.7971526201357388,0.75,full_correlation_matrix
expression,EXPR_ITGB8,EXPR_CPB2,0.7946089531383843,0.75,full_correlation_matrix
expression,EXPR_PDZK1IP1,EXPR_ELF3,0.7944938620182669,0.75,full_correlation_matrix
expression,EXPR_DMBT1,EXPR_CEACAM6,0.7941891586949859,0.75,full_correlation_matrix
expression,EXPR_TYRP1,EXPR_TRPM1,0.7937825035151076,0.75,full_correlation_matrix
expression,EXPR_CHL1,EXPR_A1CF,0.7911854566826251,0.75,full_correlation_matrix
expression,EXPR_SLC1A2,EXPR_CLU,0.7895892091720105,0.75,full_correlation_matrix
expression,EXPR_SLPI,EXPR_ELF3,0.7861905550712662,0.75,full_correlation_matrix
expression,EXPR_PRSS8,EXPR_KRT7,0.7843703120881469,0.75,full_correlation_matrix
expression,EXPR_C19orf33,EXPR_AGR2,0.7819299007818724,0.75,full_correlation_matrix
expression,EXPR_EVPL,EXPR_C19orf33,0.7814631591715584,0.75,full_correlation_matrix
expression,EXPR_VGF,EXPR_ADH1A,0.7805966878863092,0.75,full_correlation_matrix
expression,EXPR_GCG,EXPR_CEACAM6,0.7784787294700831,0.75,full_correlation_matrix
expression,EXPR_S100P,EXPR_B3GNT3,0.7780469299930396,0.75,full_correlation_matrix
expression,EXPR_REG1A,EXPR_PRSS1,0.7768643988034343,0.75,full_correlation_matrix
expression,EXPR_AMN,EXPR_ADH6,0.7766982446786787,0.75,full_correlation_matrix
expression,EXPR_SOX2,EXPR_SCRG1,0.7757282666524624,0.75,full_correlation_matrix
expression,EXPR_SLCO1B3,EXPR_CYP2E1,0.7751518895836201,0.75,full_correlation_matrix
expression,EXPR_ATP1A2,EXPR_AQP4,0.7736479021897371,0.75,full_correlation_matrix
expression,EXPR_HGFAC,EXPR_FTCD,0.7725014557798682,0.75,full_correlation_matrix
expression,EXPR_SCG3,EXPR_GAP43,0.7718204769793393,0.75,full_correlation_matrix
expression,EXPR_BIRC7,EXPR_ALX1,0.7717523153117982,0.75,full_correlation_matrix
expression,EXPR_CDHR2,EXPR_CCDC198,0.7715786172920622,0.75,full_correlation_matrix
expression,EXPR_GAP43,EXPR_DPP6,0.7702684995977477,0.75,full_correlation_matrix
expression,EXPR_DPP6,EXPR_DNER,0.7663451849452726,0.75,full_correlation_matrix
expression,EXPR_CPN1,EXPR_ABCC2,0.766299898248309,0.75,full_correlation_matrix
expression,EXPR_EPCAM,EXPR_B3GNT3,0.7661733104718637,0.75,full_correlation_matrix
expression,EXPR_DUOX2,EXPR_AGR2,0.7661103935981766,0.75,full_correlation_matrix
expression,EXPR_CRTAC1,EXPR_ASGR1,0.7652116661139404,0.75,full_correlation_matrix
expression,EXPR_AGT,EXPR_ACMSD,0.7650540997932291,0.75,full_correlation_matrix
expression,EXPR_ITIH6,EXPR_ALX1,0.7640779950684143,0.75,full_correlation_matrix
expression,EXPR_AFP,EXPR_ADH1A,0.7626881266533374,0.75,full_correlation_matrix
expression,EXPR_SFRP2,EXPR_COL11A1,0.7614392121018713,0.75,full_correlation_matrix
expression,EXPR_APOA4,EXPR_APOA1,0.7610162953049249,0.75,full_correlation_matrix
expression,EXPR_MGC13038,EXPR_GDF1,0.7602523621408009,0.75,full_correlation_matrix
expression,EXPR_CDH19,EXPR_ALX1,0.7588831395609338,0.75,full_correlation_matrix
expression,EXPR_SCGN,EXPR_FOXA2,0.7566962148022658,0.75,full_correlation_matrix
expression,EXPR_FCRLA,EXPR_DOM,0.7566196145399751,0.75,full_correlation_matrix
expression,EXPR_SALL1,EXPR_ATP2B2,0.7558936637224831,0.75,full_correlation_matrix
expression,EXPR_ALX1,EXPR_ALDH1L1,0.7528447212167768,0.75,full_correlation_matrix
expression,EXPR_GRIK3,EXPR_GPM6B,0.7522224874008717,0.75,full_correlation_matrix
expression,EXPR_PPP1R1A,EXPR_MLXIPL,0.7518870274432891,0.75,full_correlation_matrix
expression,EXPR_B3GNT3,EXPR_AP1M2,0.7515015395626546,0.75,full_correlation_matrix
