column,dtype,rows,unusable_count,unusable_frac,valid_count,nunique_valid,mode_freq_valid,protected,drop_candidate_min_effect
HISTORY_HEPATO_CARCINOMA_RISK_FACTORS,str,1628,1270,0.7800982800982801,358,22,0.25977653631284914,False,True
PERFORMANCE_STATUS_TIMING,str,1628,1258,0.7727272727272727,370,4,0.36486486486486486,False,True
DEFINITIVE_SURGICAL_PROCEDURE,str,1628,1254,0.7702702702702703,374,6,0.3877005347593583,False,True
PRIMARY_MULTIPLE_AT_DX,str,1628,1231,0.7561425061425061,397,2,0.9697732997481109,False,True
PRIMARY_MELANOMA_SKIN_TYPE,str,1628,1193,0.7328009828009828,435,1,1.0,False,True
FAMILY_HISTORY_OF_CANCER,str,1628,1189,0.7303439803439803,439,2,0.5899772209567198,False,True
SUBMITTED_TUMOR_DX_DAYS_TO,str,1628,1164,0.714987714987715,464,299,0.2521551724137931,False,True
TUMOR_SITE,str,1628,1163,0.7143734643734644,465,11,0.4150537634408602,False,True
PRIMARY_MELANOMA_KNOWN_DX,str,1628,1158,0.7113022113022113,470,2,0.9,False,True
HISTORY_LGG_DX_OF_BRAIN_TISSUE,str,1628,1032,0.6339066339066339,596,2,0.9748322147651006,False,True
PHARMACEUTICAL_TX_ADJUVANT,str,1628,941,0.578009828009828,687,2,0.8151382823871907,False,True
RESIDUAL_TUMOR,str,1628,1085,0.6664619164619164,543,4,0.8121546961325967,False,False
GRADE,str,1628,1071,0.6578624078624079,557,5,0.49730700179533216,False,False
METHOD_OF_INITIAL_SAMPLE_PROCUREMENT,str,1628,856,0.5257985257985258,772,7,0.8147668393782384,False,False
RADIATION_TREATMENT_ADJUVANT,str,1628,754,0.4631449631449631,874,3,0.9084668192219679,False,False
NEW_TUMOR_EVENT_AFTER_INITIAL_TREATMENT,str,1628,728,0.44717444717444715,900,4,0.5455555555555556,False,False
AJCC_PATHOLOGIC_TUMOR_STAGE,str,1628,657,0.4035626535626536,971,17,0.2121524201853759,False,False
AJCC_TUMOR_PATHOLOGIC_PT,str,1628,626,0.3845208845208845,1002,16,0.20658682634730538,False,False
AJCC_METASTASIS_PATHOLOGIC_PM,str,1628,624,0.3832923832923833,1004,6,0.7719123505976095,False,False
AJCC_NODES_PATHOLOGIC_PN,str,1628,619,0.38022113022113024,1009,10,0.5371655104063429,False,False
AJCC_STAGING_EDITION,str,1628,611,0.3753071253071253,1017,7,0.6086529006882989,False,False
RETROSPECTIVE_COLLECTION,str,1628,565,0.34705159705159705,1063,3,0.587958607714017,False,False
PROSPECTIVE_COLLECTION,str,1628,565,0.34705159705159705,1063,3,0.5870178739416745,False,False
HISTORY_OTHER_MALIGNANCY,str,1628,564,0.3464373464373464,1064,3,0.9257518796992481,False,False
SITE_OF_TUMOR_TISSUE,str,1628,470,0.28869778869778867,1158,3,0.5146804835924007,False,False
HISTOLOGICAL_DIAGNOSIS,str,1628,470,0.28869778869778867,1158,11,0.47063903281519864,False,False
EXPR_INS,float64,1628,463,0.2843980343980344,1165,204,0.8257510729613734,False,False
EXPR_PNLIP,float64,1628,463,0.2843980343980344,1165,217,0.8145922746781116,False,False
EXPR_CELA3A,float64,1628,463,0.2843980343980344,1165,262,0.7759656652360515,False,False
EXPR_CTRB1,float64,1628,463,0.2843980343980344,1165,273,0.7648068669527897,False,False
EXPR_REG1B,float64,1628,463,0.2843980343980344,1165,302,0.7399141630901288,False,False
EXPR_GCG,float64,1628,463,0.2843980343980344,1165,306,0.7381974248927039,False,False
EXPR_PRSS1,float64,1628,463,0.2843980343980344,1165,352,0.6978540772532189,False,False
EXPR_TFF1,float64,1628,463,0.2843980343980344,1165,407,0.6489270386266094,False,False
EXPR_CYP4A22,float64,1628,463,0.2843980343980344,1165,418,0.6420600858369099,False,False
EXPR_SPP2,float64,1628,463,0.2843980343980344,1165,423,0.6377682403433477,False,False
EXPR_F9,float64,1628,463,0.2843980343980344,1165,437,0.6257510729613734,False,False
EXPR_SLC17A2,float64,1628,463,0.2843980343980344,1165,447,0.6171673819742489,False,False
EXPR_FHR2,float64,1628,463,0.2843980343980344,1165,449,0.6145922746781116,False,False
EXPR_UGT1A4,float64,1628,463,0.2843980343980344,1165,457,0.6085836909871245,False,False
EXPR_REG3A,float64,1628,463,0.2843980343980344,1165,461,0.6051502145922747,False,False
EXPR_LECT2,float64,1628,463,0.2843980343980344,1165,464,0.6017167381974249,False,False
EXPR_CFHR5,float64,1628,463,0.2843980343980344,1165,475,0.5931330472103005,False,False
EXPR_UGT1A3,float64,1628,463,0.2843980343980344,1165,474,0.5931330472103005,False,False
EXPR_AGXT2,float64,1628,463,0.2843980343980344,1165,474,0.592274678111588,False,False
EXPR_SST,float64,1628,463,0.2843980343980344,1165,477,0.5914163090128756,False,False
EXPR_RTP3,float64,1628,463,0.2843980343980344,1165,480,0.5879828326180258,False,False
EXPR_AFM,float64,1628,463,0.2843980343980344,1165,487,0.582832618025751,False,False
EXPR_FGF21,float64,1628,463,0.2843980343980344,1165,484,0.582832618025751,False,False
EXPR_GP2,float64,1628,463,0.2843980343980344,1165,487,0.5811158798283261,False,False
EXPR_SULT2A1,float64,1628,463,0.2843980343980344,1165,494,0.5768240343347639,False,False
EXPR_F13B,float64,1628,463,0.2843980343980344,1165,501,0.5708154506437768,False,False
EXPR_SERPINA7,float64,1628,463,0.2843980343980344,1165,503,0.5682403433476395,False,False
EXPR_CTRB2,float64,1628,463,0.2843980343980344,1165,500,0.5656652360515021,False,False
EXPR_UGT2B11,float64,1628,463,0.2843980343980344,1165,515,0.5587982832618026,False,False
EXPR_CPA1,float64,1628,463,0.2843980343980344,1165,513,0.5553648068669528,False,False
EXPR_C3P1,float64,1628,463,0.2843980343980344,1165,521,0.5527896995708155,False,False
EXPR_APOC3,float64,1628,463,0.2843980343980344,1165,524,0.5510729613733906,False,False
EXPR_PRODH2,float64,1628,463,0.2843980343980344,1165,523,0.5493562231759657,False,False
EXPR_ACSM2B,float64,1628,463,0.2843980343980344,1165,534,0.542489270386266,False,False
EXPR_CYP1A2,float64,1628,463,0.2843980343980344,1165,534,0.5407725321888412,False,False
EXPR_UGT3A1,float64,1628,463,0.2843980343980344,1165,541,0.5339055793991416,False,False
EXPR_HRG,float64,1628,463,0.2843980343980344,1165,548,0.5304721030042918,False,False
EXPR_PLG,float64,1628,463,0.2843980343980344,1165,550,0.5287553648068669,False,False
EXPR_SLCO1B3,float64,1628,463,0.2843980343980344,1165,548,0.5287553648068669,False,False
EXPR_PLA2G12B,float64,1628,463,0.2843980343980344,1165,553,0.5244635193133047,False,False
EXPR_UGT2B4,float64,1628,463,0.2843980343980344,1165,555,0.5236051502145923,False,False
EXPR_APCS,float64,1628,463,0.2843980343980344,1165,573,0.5090128755364807,False,False
EXPR_C8A,float64,1628,463,0.2843980343980344,1165,574,0.5081545064377683,False,False
EXPR_ORM2,float64,1628,463,0.2843980343980344,1165,580,0.5030042918454936,False,False
EXPR_UGT1A9,float64,1628,463,0.2843980343980344,1165,582,0.5012875536480687,False,False
EXPR_SLCO1B1,float64,1628,463,0.2843980343980344,1165,582,0.5004291845493563,False,False
EXPR_APOA4,float64,1628,463,0.2843980343980344,1165,580,0.4995708154506438,False,False
EXPR_MOGAT3,float64,1628,463,0.2843980343980344,1165,585,0.49699570815450644,False,False
EXPR_GLTPD2,float64,1628,463,0.2843980343980344,1165,591,0.49356223175965663,False,False
EXPR_GC,float64,1628,463,0.2843980343980344,1165,592,0.4918454935622318,False,False
EXPR_AKR1C4,float64,1628,463,0.2843980343980344,1165,593,0.4918454935622318,False,False
EXPR_TYR,float64,1628,463,0.2843980343980344,1165,594,0.4901287553648069,False,False
EXPR_REG1A,float64,1628,463,0.2843980343980344,1165,594,0.4901287553648069,False,False
EXPR_UGT1A1,float64,1628,463,0.2843980343980344,1165,596,0.4892703862660944,False,False
EXPR_C8B,float64,1628,463,0.2843980343980344,1165,595,0.488412017167382,False,False
EXPR_UGT2A3,float64,1628,463,0.2843980343980344,1165,600,0.48497854077253216,False,False
EXPR_CFHR4,float64,1628,463,0.2843980343980344,1165,602,0.48240343347639486,False,False
EXPR_APOA2,float64,1628,463,0.2843980343980344,1165,601,0.4815450643776824,False,False
EXPR_ACSM2A,float64,1628,463,0.2843980343980344,1165,612,0.4738197424892704,False,False
EXPR_TM4SF5,float64,1628,463,0.2843980343980344,1165,615,0.47296137339055794,False,False
EXPR_SLC17A4,float64,1628,463,0.2843980343980344,1165,618,0.4703862660944206,False,False
EXPR_A1CF,float64,1628,463,0.2843980343980344,1165,619,0.46866952789699573,False,False
EXPR_SERPINA4,float64,1628,463,0.2843980343980344,1165,621,0.4678111587982833,False,False
EXPR_SERPINB5,float64,1628,463,0.2843980343980344,1165,617,0.4678111587982833,False,False
EXPR_TFF2,float64,1628,463,0.2843980343980344,1165,618,0.4669527896995708,False,False
EXPR_SLC22A9,float64,1628,463,0.2843980343980344,1165,625,0.46008583690987126,False,False
EXPR_F2,float64,1628,463,0.2843980343980344,1165,631,0.45836909871244635,False,False
EXPR_AGR2,float64,1628,463,0.2843980343980344,1165,634,0.455793991416309,False,False
EXPR_FGB,float64,1628,463,0.2843980343980344,1165,635,0.45493562231759654,False,False
EXPR_SLC22A7,float64,1628,463,0.2843980343980344,1165,635,0.45407725321888415,False,False
EXPR_XAGE1D,float64,1628,463,0.2843980343980344,1165,633,0.45407725321888415,False,False
EXPR_AFP,float64,1628,463,0.2843980343980344,1165,636,0.45407725321888415,False,False
EXPR_PGC,float64,1628,463,0.2843980343980344,1165,635,0.4532188841201717,False,False
EXPR_SERPINA10,float64,1628,463,0.2843980343980344,1165,639,0.4515021459227468,False,False
EXPR_MAGEA2,float64,1628,463,0.2843980343980344,1165,638,0.45064377682403434,False,False
EXPR_ANX14,float64,1628,463,0.2843980343980344,1165,643,0.44892703862660943,False,False
EXPR_APOA5,float64,1628,463,0.2843980343980344,1165,642,0.4472103004291845,False,False
EXPR_FGA,float64,1628,463,0.2843980343980344,1165,647,0.4454935622317597,False,False
EXPR_CYP2B,float64,1628,463,0.2843980343980344,1165,647,0.4446351931330472,False,False
EXPR_MAGEC1,float64,1628,463,0.2843980343980344,1165,651,0.4412017167381974,False,False
EXPR_UGT2B10,float64,1628,463,0.2843980343980344,1165,651,0.44034334763948496,False,False
EXPR_EPS8L3,float64,1628,463,0.2843980343980344,1165,652,0.4386266094420601,False,False
EXPR_OLIG2,float64,1628,463,0.2843980343980344,1165,655,0.43605150214592275,False,False
EXPR_BDK,float64,1628,463,0.2843980343980344,1165,658,0.4351931330472103,False,False
EXPR_ACMSD,float64,1628,463,0.2843980343980344,1165,656,0.4351931330472103,False,False
EXPR_AKR1D1,float64,1628,463,0.2843980343980344,1165,656,0.4351931330472103,False,False
EXPR_TM4SF4,float64,1628,463,0.2843980343980344,1165,663,0.4309012875536481,False,False
EXPR_CCDC198,float64,1628,463,0.2843980343980344,1165,664,0.43004291845493564,False,False
EXPR_HAO1,float64,1628,463,0.2843980343980344,1165,668,0.42660944206008583,False,False
EXPR_APOF,float64,1628,463,0.2843980343980344,1165,665,0.42660944206008583,False,False
EXPR_SLC10A1,float64,1628,463,0.2843980343980344,1165,670,0.4231759656652361,False,False
EXPR_CEACAM5,float64,1628,463,0.2843980343980344,1165,670,0.4231759656652361,False,False
EXPR_FABP1,float64,1628,463,0.2843980343980344,1165,672,0.4223175965665236,False,False
EXPR_LINC00261,float64,1628,463,0.2843980343980344,1165,678,0.4188841201716738,False,False
EXPR_KRT6A,float64,1628,463,0.2843980343980344,1165,680,0.41545064377682406,False,False
EXPR_ITIH6,float64,1628,463,0.2843980343980344,1165,680,0.4145922746781116,False,False
EXPR_PGLYRP2,float64,1628,463,0.2843980343980344,1165,682,0.4128755364806867,False,False
EXPR_GSTA2,float64,1628,463,0.2843980343980344,1165,687,0.40858369098712444,False,False
EXPR_GLYAT,float64,1628,463,0.2843980343980344,1165,689,0.4068669527896996,False,False
EXPR_ABCG8,float64,1628,463,0.2843980343980344,1165,692,0.40600858369098713,False,False
EXPR_LOC285733,float64,1628,463,0.2843980343980344,1165,696,0.39914163090128757,False,False
EXPR_CYP2C9,float64,1628,463,0.2843980343980344,1165,701,0.3982832618025751,False,False
EXPR_G6PC,float64,1628,463,0.2843980343980344,1165,702,0.39742489270386266,False,False
EXPR_C6orf71,float64,1628,463,0.2843980343980344,1165,702,0.39742489270386266,False,False
EXPR_APOH,float64,1628,463,0.2843980343980344,1165,704,0.3965665236051502,False,False
EXPR_MAGEA3,float64,1628,463,0.2843980343980344,1165,700,0.39570815450643776,False,False
EXPR_ALX1,float64,1628,463,0.2843980343980344,1165,703,0.39570815450643776,False,False
EXPR_MAGEC2,float64,1628,463,0.2843980343980344,1165,704,0.39399141630901285,False,False
EXPR_SLC2A2,float64,1628,463,0.2843980343980344,1165,707,0.39141630901287555,False,False
EXPR_CCL16,float64,1628,463,0.2843980343980344,1165,709,0.39141630901287555,False,False
EXPR_TRIM15,float64,1628,463,0.2843980343980344,1165,708,0.39141630901287555,False,False
EXPR_CPB1,float64,1628,463,0.2843980343980344,1165,703,0.3888412017167382,False,False
EXPR_CRP,float64,1628,463,0.2843980343980344,1165,713,0.3871244635193133,False,False
EXPR_ADH4,float64,1628,463,0.2843980343980344,1165,715,0.3871244635193133,False,False
EXPR_ANKS4B,float64,1628,463,0.2843980343980344,1165,714,0.38626609442060084,False,False
EXPR_ACOT12,float64,1628,463,0.2843980343980344,1165,715,0.38540772532188844,False,False
EXPR_SERPINA6,float64,1628,463,0.2843980343980344,1165,715,0.384549356223176,False,False
EXPR_PAX3,float64,1628,463,0.2843980343980344,1165,718,0.384549356223176,False,False
EXPR_MBL2,float64,1628,463,0.2843980343980344,1165,720,0.3828326180257511,False,False
EXPR_HMGCS2,float64,1628,463,0.2843980343980344,1165,724,0.3785407725321888,False,False
EXPR_CEACAM6,float64,1628,463,0.2843980343980344,1165,723,0.3785407725321888,False,False
EXPR_SERPINA11,float64,1628,463,0.2843980343980344,1165,722,0.3785407725321888,False,False
EXPR_HFE2,float64,1628,463,0.2843980343980344,1165,724,0.37510729613733906,False,False
EXPR_LINC00518,float64,1628,463,0.2843980343980344,1165,725,0.37510729613733906,False,False
EXPR_TMPRSS4,float64,1628,463,0.2843980343980344,1165,725,0.3742489270386266,False,False
EXPR_CYP2A6,float64,1628,463,0.2843980343980344,1165,730,0.3725321888412017,False,False
EXPR_ADH1A,float64,1628,463,0.2843980343980344,1165,732,0.37167381974248925,False,False
EXPR_DPCR1,float64,1628,463,0.2843980343980344,1165,720,0.37167381974248925,False,False
EXPR_MAGEA6,float64,1628,463,0.2843980343980344,1165,734,0.3682403433476395,False,False
EXPR_C9,float64,1628,463,0.2843980343980344,1165,730,0.36738197424892705,False,False
EXPR_TRPM1,float64,1628,463,0.2843980343980344,1165,733,0.36738197424892705,False,False
EXPR_F11,float64,1628,463,0.2843980343980344,1165,739,0.3648068669527897,False,False
EXPR_VIL1,float64,1628,463,0.2843980343980344,1165,742,0.36137339055793993,False,False
EXPR_ENPP7,float64,1628,463,0.2843980343980344,1165,736,0.36137339055793993,False,False
EXPR_CFTR,float64,1628,463,0.2843980343980344,1165,740,0.3605150214592275,False,False
EXPR_GCGR,float64,1628,463,0.2843980343980344,1165,744,0.3587982832618026,False,False
EXPR_FOXA2,float64,1628,463,0.2843980343980344,1165,746,0.3579399141630901,False,False
EXPR_FGG,float64,1628,463,0.2843980343980344,1165,748,0.3562231759656652,False,False
EXPR_UGT2B15,float64,1628,463,0.2843980343980344,1165,750,0.3562231759656652,False,False
EXPR_CYP4F2,float64,1628,463,0.2843980343980344,1165,749,0.35536480686695276,False,False
EXPR_DLK1,float64,1628,463,0.2843980343980344,1165,750,0.35536480686695276,False,False
EXPR_KRT14,float64,1628,463,0.2843980343980344,1165,753,0.351931330472103,False,False
EXPR_OTC,float64,1628,463,0.2843980343980344,1165,756,0.35107296137339056,False,False
EXPR_ORM1,float64,1628,463,0.2843980343980344,1165,757,0.3502145922746781,False,False
EXPR_CYP4A11,float64,1628,463,0.2843980343980344,1165,752,0.34935622317596565,False,False
EXPR_REG4,float64,1628,463,0.2843980343980344,1165,754,0.34763948497854075,False,False
EXPR_DKFZp547D155,float64,1628,463,0.2843980343980344,1165,762,0.3459227467811159,False,False
EXPR_DFNB18,float64,1628,463,0.2843980343980344,1165,759,0.34506437768240344,False,False
EXPR_DAO,float64,1628,463,0.2843980343980344,1165,758,0.344206008583691,False,False
EXPR_KRT16,float64,1628,463,0.2843980343980344,1165,766,0.3407725321888412,False,False
EXPR_CYP2C18,float64,1628,463,0.2843980343980344,1165,768,0.33991416309012873,False,False
EXPR_CBLC,float64,1628,463,0.2843980343980344,1165,770,0.33905579399141633,False,False
EXPR_UGT1A6,float64,1628,463,0.2843980343980344,1165,773,0.3373390557939914,False,False
EXPR_HULC,float64,1628,463,0.2843980343980344,1165,770,0.3339055793991416,False,False
EXPR_C19orf33,float64,1628,463,0.2843980343980344,1165,783,0.3278969957081545,False,False
EXPR_SCGN,float64,1628,463,0.2843980343980344,1165,784,0.3261802575107296,False,False
EXPR_C4BPA,float64,1628,463,0.2843980343980344,1165,789,0.32274678111587984,False,False
EXPR_AADAC,float64,1628,463,0.2843980343980344,1165,793,0.3184549356223176,False,False
EXPR_FETUB,float64,1628,463,0.2843980343980344,1165,795,0.31673819742489273,False,False
EXPR_CYP17A1,float64,1628,463,0.2843980343980344,1165,786,0.3158798283261803,False,False
EXPR_NR0B2,float64,1628,463,0.2843980343980344,1165,797,0.3150214592274678,False,False
EXPR_ANGPTL3,float64,1628,463,0.2843980343980344,1165,795,0.3141630901287554,False,False
EXPR_OLFM4,float64,1628,463,0.2843980343980344,1165,795,0.3141630901287554,False,False
EXPR_AGXT,float64,1628,463,0.2843980343980344,1165,795,0.3133047210300429,False,False
EXPR_PMP2,float64,1628,463,0.2843980343980344,1165,802,0.31244635193133047,False,False
EXPR_KRTL1,float64,1628,463,0.2843980343980344,1165,800,0.31244635193133047,False,False
EXPR_FDCSP,float64,1628,463,0.2843980343980344,1165,801,0.3072961373390558,False,False
EXPR_HNF1B,float64,1628,463,0.2843980343980344,1165,804,0.3055793991416309,False,False
EXPR_CES1P1,float64,1628,463,0.2843980343980344,1165,809,0.30472103004291845,False,False
EXPR_TSIX,float64,1628,463,0.2843980343980344,1165,820,0.29699570815450643,False,False
EXPR_MAB21L4,float64,1628,463,0.2843980343980344,1165,821,0.296137339055794,False,False
EXPR_KLK6,float64,1628,463,0.2843980343980344,1165,822,0.2952789699570815,False,False
EXPR_PAEP,float64,1628,463,0.2843980343980344,1165,819,0.2944206008583691,False,False
EXPR_HEPACAM,float64,1628,463,0.2843980343980344,1165,820,0.2935622317596567,False,False
EXPR_CCL15,float64,1628,463,0.2843980343980344,1165,818,0.2927038626609442,False,False
EXPR_MODY1,float64,1628,463,0.2843980343980344,1165,821,0.2918454935622318,False,False
EXPR_HEPN1,float64,1628,463,0.2843980343980344,1165,824,0.29012875536480687,False,False
EXPR_PFIC2,float64,1628,463,0.2843980343980344,1165,835,0.2815450643776824,False,False
EXPR_PAQR9,float64,1628,463,0.2843980343980344,1165,837,0.2798283261802575,False,False
EXPR_TAT,float64,1628,463,0.2843980343980344,1165,841,0.2772532188841202,False,False
EXPR_GSTA1,float64,1628,463,0.2843980343980344,1165,843,0.27639484978540774,False,False
EXPR_SAA4,float64,1628,463,0.2843980343980344,1165,838,0.27639484978540774,False,False
EXPR_PCSK2,float64,1628,463,0.2843980343980344,1165,843,0.2755364806866953,False,False
EXPR_FABP7,float64,1628,463,0.2843980343980344,1165,839,0.2738197424892704,False,False
EXPR_ACSM1,float64,1628,463,0.2843980343980344,1165,849,0.271244635193133,False,False
EXPR_AHSG,float64,1628,463,0.2843980343980344,1165,849,0.2703862660944206,False,False
EXPR_MSLN,float64,1628,463,0.2843980343980344,1165,849,0.2669527896995708,False,False
EXPR_HAO2,float64,1628,463,0.2843980343980344,1165,848,0.2652360515021459,False,False
EXPR_ARG1,float64,1628,463,0.2843980343980344,1165,852,0.2626609442060086,False,False
EXPR_CYP3A7,float64,1628,463,0.2843980343980344,1165,860,0.26180257510729615,False,False
EXPR_POU3F2,float64,1628,463,0.2843980343980344,1165,855,0.2609442060085837,False,False
EXPR_CYP3A3,float64,1628,463,0.2843980343980344,1165,860,0.26008583690987125,False,False
EXPR_EIF1AY,float64,1628,463,0.2843980343980344,1165,864,0.2592274678111588,False,False
EXPR_SLC6A15,float64,1628,463,0.2843980343980344,1165,866,0.25665236051502144,False,False
EXPR_NCAN,float64,1628,463,0.2843980343980344,1165,854,0.25665236051502144,False,False
EXPR_CFHR1,float64,1628,463,0.2843980343980344,1165,865,0.255793991416309,False,False
EXPR_TRIM55,float64,1628,463,0.2843980343980344,1165,854,0.255793991416309,False,False
EXPR_TCN1,float64,1628,463,0.2843980343980344,1165,867,0.2532188841201717,False,False
EXPR_CTSE,float64,1628,463,0.2843980343980344,1165,868,0.25236051502145923,False,False
EXPR_NR1H4,float64,1628,463,0.2843980343980344,1165,868,0.25236051502145923,False,False
EXPR_CLDN10,float64,1628,463,0.2843980343980344,1165,869,0.25236051502145923,False,False
EXPR_PRAP1,float64,1628,463,0.2843980343980344,1165,864,0.2515021459227468,False,False
EXPR_MT3,float64,1628,463,0.2843980343980344,1165,869,0.2515021459227468,False,False
EXPR_MAGEA12,float64,1628,463,0.2843980343980344,1165,872,0.2515021459227468,False,False
EXPR_ITGB6,float64,1628,463,0.2843980343980344,1165,869,0.24892703862660945,False,False
EXPR_GCKR,float64,1628,463,0.2843980343980344,1165,876,0.248068669527897,False,False
EXPR_SLC15A1,float64,1628,463,0.2843980343980344,1165,875,0.24721030042918454,False,False
EXPR_HPR,float64,1628,463,0.2843980343980344,1165,877,0.2463519313304721,False,False
EXPR_C4BPB,float64,1628,463,0.2843980343980344,1165,873,0.24549356223175967,False,False
EXPR_PON1,float64,1628,463,0.2843980343980344,1165,877,0.24549356223175967,False,False
EXPR_KLK10,float64,1628,463,0.2843980343980344,1165,873,0.24549356223175967,False,False
EXPR_CPN1,float64,1628,463,0.2843980343980344,1165,881,0.2446351931330472,False,False
EXPR_BHMT,float64,1628,463,0.2843980343980344,1165,876,0.24377682403433476,False,False
EXPR_DDC,float64,1628,463,0.2843980343980344,1165,882,0.24206008583690988,False,False
EXPR_GBP7,float64,1628,463,0.2843980343980344,1165,883,0.24034334763948498,False,False
EXPR_ADH6,float64,1628,463,0.2843980343980344,1165,880,0.23948497854077253,False,False
EXPR_CST1,float64,1628,463,0.2843980343980344,1165,883,0.23862660944206007,False,False
EXPR_AMBP,float64,1628,463,0.2843980343980344,1165,884,0.2369098712446352,False,False
EXPR_FGL1,float64,1628,463,0.2843980343980344,1165,886,0.2369098712446352,False,False
EXPR_DCT,float64,1628,463,0.2843980343980344,1165,886,0.23605150214592274,False,False
EXPR_RAB25,float64,1628,463,0.2843980343980344,1165,881,0.23605150214592274,False,False
EXPR_CPN2,float64,1628,463,0.2843980343980344,1165,889,0.2351931330472103,False,False
EXPR_SPINK1,float64,1628,463,0.2843980343980344,1165,891,0.23433476394849787,False,False
EXPR_PLP1,float64,1628,463,0.2843980343980344,1165,894,0.23261802575107296,False,False
EXPR_SCRG1,float64,1628,463,0.2843980343980344,1165,898,0.22918454935622318,False,False
EXPR_ASPDH,float64,1628,463,0.2843980343980344,1165,892,0.22918454935622318,False,False
EXPR_ANGPTL8,float64,1628,463,0.2843980343980344,1165,890,0.22660944206008585,False,False
EXPR_AP1M2,float64,1628,463,0.2843980343980344,1165,901,0.22317596566523606,False,False
EXPR_CREB3L3,float64,1628,463,0.2843980343980344,1165,900,0.2223175965665236,False,False
EXPR_DMBT1,float64,1628,463,0.2843980343980344,1165,901,0.2206008583690987,False,False
EXPR_ADH1C,float64,1628,463,0.2843980343980344,1165,909,0.21974248927038625,False,False
EXPR_SLC25A47,float64,1628,463,0.2843980343980344,1165,902,0.21974248927038625,False,False
EXPR_TRIM63,float64,1628,463,0.2843980343980344,1165,907,0.21888412017167383,False,False
EXPR_UROC1,float64,1628,463,0.2843980343980344,1165,905,0.21888412017167383,False,False
EXPR_ALB,float64,1628,463,0.2843980343980344,1165,911,0.21802575107296138,False,False
EXPR_MISP,float64,1628,463,0.2843980343980344,1165,906,0.21802575107296138,False,False
EXPR_DLL3,float64,1628,463,0.2843980343980344,1165,911,0.21716738197424892,False,False
EXPR_PCK1,float64,1628,463,0.2843980343980344,1165,912,0.21630901287553647,False,False
EXPR_PAH,float64,1628,463,0.2843980343980344,1165,915,0.21545064377682405,False,False
EXPR_GLYATL1,float64,1628,463,0.2843980343980344,1165,913,0.21545064377682405,False,False
EXPR_SYT13,float64,1628,463,0.2843980343980344,1165,917,0.21201716738197424,False,False
EXPR_DPP6,float64,1628,463,0.2843980343980344,1165,915,0.21201716738197424,False,False
EXPR_APOB,float64,1628,463,0.2843980343980344,1165,919,0.2094420600858369,False,False
EXPR_OLIG1,float64,1628,463,0.2843980343980344,1165,922,0.20858369098712445,False,False
EXPR_FUT6,float64,1628,463,0.2843980343980344,1165,921,0.20772532188841203,False,False
EXPR_ADCY2,float64,1628,463,0.2843980343980344,1165,924,0.20686695278969958,False,False
EXPR_ITIH1,float64,1628,463,0.2843980343980344,1165,918,0.20600858369098712,False,False
EXPR_CYP4F3,float64,1628,463,0.2843980343980344,1165,926,0.20515021459227467,False,False
EXPR_UGT2B7,float64,1628,463,0.2843980343980344,1165,927,0.20429184549356222,False,False
EXPR_HY,float64,1628,463,0.2843980343980344,1165,929,0.20085836909871244,False,False
EXPR_HSD17B2,float64,1628,463,0.2843980343980344,1165,927,0.2,False,False
EXPR_DEFB1,float64,1628,463,0.2843980343980344,1165,931,0.19914163090128756,False,False
EXPR_DNER,float64,1628,463,0.2843980343980344,1165,936,0.19313304721030042,False,False
EXPR_PRSS3,float64,1628,463,0.2843980343980344,1165,937,0.192274678111588,False,False
EXPR_CYP4F12,float64,1628,463,0.2843980343980344,1165,941,0.19141630901287554,False,False
EXPR_CYP2C8,float64,1628,463,0.2843980343980344,1165,940,0.1905579399141631,False,False
EXPR_GYS2,float64,1628,463,0.2843980343980344,1165,936,0.18969957081545064,False,False
EXPR_THRSP,float64,1628,463,0.2843980343980344,1165,942,0.1888412017167382,False,False
EXPR_CDHR5,float64,1628,463,0.2843980343980344,1165,941,0.18798283261802576,False,False
EXPR_AKR1B11,float64,1628,463,0.2843980343980344,1165,946,0.18626609442060085,False,False
EXPR_CYP8B1,float64,1628,463,0.2843980343980344,1165,939,0.18626609442060085,False,False
EXPR_ABCB5,float64,1628,463,0.2843980343980344,1165,948,0.18369098712446352,False,False
EXPR_C6,float64,1628,463,0.2843980343980344,1165,950,0.18283261802575107,False,False
EXPR_KRT19,float64,1628,463,0.2843980343980344,1165,952,0.18197424892703862,False,False
EXPR_CFHR3,float64,1628,463,0.2843980343980344,1165,950,0.1811158798283262,False,False
EXPR_KIF12,float64,1628,463,0.2843980343980344,1165,950,0.18025751072961374,False,False
EXPR_XDH,float64,1628,463,0.2843980343980344,1165,954,0.17854077253218884,False,False
EXPR_LINC01018,float64,1628,463,0.2843980343980344,1165,954,0.17768240343347638,False,False
EXPR_GRIK3,float64,1628,463,0.2843980343980344,1165,957,0.17682403433476396,False,False
EXPR_CLDN18,float64,1628,463,0.2843980343980344,1165,950,0.1759656652360515,False,False
EXPR_DOM,float64,1628,463,0.2843980343980344,1165,961,0.17510729613733905,False,False
EXPR_IGFBP1,float64,1628,463,0.2843980343980344,1165,960,0.17510729613733905,False,False
EXPR_HGFAC,float64,1628,463,0.2843980343980344,1165,955,0.1742489270386266,False,False
EXPR_GDF1,float64,1628,463,0.2843980343980344,1165,962,0.1742489270386266,False,False
EXPR_HGD,float64,1628,463,0.2843980343980344,1165,961,0.17339055793991417,False,False
EXPR_DDX3Y,float64,1628,463,0.2843980343980344,1165,964,0.17253218884120172,False,False
EXPR_ERICH5,float64,1628,463,0.2843980343980344,1165,964,0.1682403433476395,False,False
EXPR_TYRP1,float64,1628,463,0.2843980343980344,1165,966,0.16738197424892703,False,False
EXPR_CTNND2,float64,1628,463,0.2843980343980344,1165,969,0.16738197424892703,False,False
EXPR_TSPAN8,float64,1628,463,0.2843980343980344,1165,973,0.1630901287553648,False,False
EXPR_XIST,float64,1628,463,0.2843980343980344,1165,976,0.1630901287553648,False,False
EXPR_CHGA,float64,1628,463,0.2843980343980344,1165,971,0.16137339055793992,False,False
EXPR_MUC13,float64,1628,463,0.2843980343980344,1165,976,0.16051502145922747,False,False
EXPR_SLC13A5,float64,1628,463,0.2843980343980344,1165,981,0.15879828326180256,False,False
EXPR_ITIH2,float64,1628,463,0.2843980343980344,1165,977,0.15793991416309014,False,False
EXPR_KRT5,float64,1628,463,0.2843980343980344,1165,977,0.15793991416309014,False,False
EXPR_SLC39A5,float64,1628,463,0.2843980343980344,1165,977,0.15622317596566523,False,False
EXPR_AQP4,float64,1628,463,0.2843980343980344,1165,982,0.15622317596566523,False,False
EXPR_GAPDHS,float64,1628,463,0.2843980343980344,1165,979,0.15622317596566523,False,False
EXPR_LCN2,float64,1628,463,0.2843980343980344,1165,983,0.15450643776824036,False,False
EXPR_EDM1,float64,1628,463,0.2843980343980344,1165,984,0.15450643776824036,False,False
EXPR_HABP2,float64,1628,463,0.2843980343980344,1165,985,0.1536480686695279,False,False
EXPR_BMP7,float64,1628,463,0.2843980343980344,1165,985,0.15278969957081545,False,False
EXPR_SOX2,float64,1628,463,0.2843980343980344,1165,992,0.14763948497854076,False,False
EXPR_TJP3,float64,1628,463,0.2843980343980344,1165,993,0.14506437768240343,False,False
EXPR_PTPRN,float64,1628,463,0.2843980343980344,1165,991,0.1424892703862661,False,False
EXPR_CYP7A1,float64,1628,463,0.2843980343980344,1165,993,0.14163090128755365,False,False
EXPR_MUC6,float64,1628,463,0.2843980343980344,1165,992,0.13991416309012875,False,False
EXPR_GDA,float64,1628,463,0.2843980343980344,1165,1003,0.13819742489270387,False,False
EXPR_PKLR,float64,1628,463,0.2843980343980344,1165,1004,0.13733905579399142,False,False
EXPR_CHGB,float64,1628,463,0.2843980343980344,1165,1003,0.13733905579399142,False,False
EXPR_B3GNT3,float64,1628,463,0.2843980343980344,1165,1004,0.13733905579399142,False,False
EXPR_SCG3,float64,1628,463,0.2843980343980344,1165,998,0.1356223175965665,False,False
EXPR_PRR15L,float64,1628,463,0.2843980343980344,1165,998,0.13390557939914163,False,False
EXPR_LBP,float64,1628,463,0.2843980343980344,1165,1007,0.13304721030042918,False,False
EXPR_CDHR2,float64,1628,463,0.2843980343980344,1165,1006,0.13304721030042918,False,False
EXPR_MAPE,float64,1628,463,0.2843980343980344,1165,1010,0.13218884120171673,False,False
EXPR_IGSF11,float64,1628,463,0.2843980343980344,1165,1012,0.13218884120171673,False,False
EXPR_GCNT3,float64,1628,463,0.2843980343980344,1165,1010,0.13218884120171673,False,False
EXPR_CXCL5,float64,1628,463,0.2843980343980344,1165,1007,0.13218884120171673,False,False
EXPR_KRT23,float64,1628,463,0.2843980343980344,1165,1013,0.13047210300429185,False,False
EXPR_ESRP1,float64,1628,463,0.2843980343980344,1165,1013,0.1296137339055794,False,False
EXPR_SERPINC1,float64,1628,463,0.2843980343980344,1165,1003,0.12875536480686695,False,False
EXPR_CPB2,float64,1628,463,0.2843980343980344,1165,1012,0.12875536480686695,False,False
EXPR_GPX2,float64,1628,463,0.2843980343980344,1165,1011,0.1278969957081545,False,False
EXPR_SFRP2,float64,1628,463,0.2843980343980344,1165,1015,0.1278969957081545,False,False
EXPR_ETNPPL,float64,1628,463,0.2843980343980344,1165,1015,0.1278969957081545,False,False
EXPR_FOXA1,float64,1628,463,0.2843980343980344,1165,1015,0.12618025751072962,False,False
EXPR_VGF,float64,1628,463,0.2843980343980344,1165,1018,0.12532188841201716,False,False
EXPR_HPD,float64,1628,463,0.2843980343980344,1165,1015,0.12446351931330472,False,False
EXPR_ADH1B,float64,1628,463,0.2843980343980344,1165,1021,0.12274678111587983,False,False
EXPR_SLC38A4,float64,1628,463,0.2843980343980344,1165,1016,0.12188841201716738,False,False
EXPR_PDZK1IP1,float64,1628,463,0.2843980343980344,1165,1021,0.12103004291845494,False,False
EXPR_CLDN2,float64,1628,463,0.2843980343980344,1165,1018,0.12017167381974249,False,False
EXPR_HAL,float64,1628,463,0.2843980343980344,1165,1023,0.12017167381974249,False,False
EXPR_SLC30A10,float64,1628,463,0.2843980343980344,1165,1022,0.12017167381974249,False,False
EXPR_INHBC,float64,1628,463,0.2843980343980344,1165,1017,0.11931330472103004,False,False
EXPR_DIO1,float64,1628,463,0.2843980343980344,1165,1023,0.11759656652360514,False,False
EXPR_NAT8,float64,1628,463,0.2843980343980344,1165,1020,0.11759656652360514,False,False
EXPR_GFAP,float64,1628,463,0.2843980343980344,1165,1027,0.1167381974248927,False,False
EXPR_CACNG4,float64,1628,463,0.2843980343980344,1165,1026,0.11587982832618025,False,False
EXPR_RPS4Y1,float64,1628,463,0.2843980343980344,1165,1030,0.11502145922746781,False,False
EXPR_MIR9-1HG,float64,1628,463,0.2843980343980344,1165,1020,0.11416309012875536,False,False
EXPR_CA9,float64,1628,463,0.2843980343980344,1165,1032,0.11330472103004292,False,False
EXPR_PPP1R1B,float64,1628,463,0.2843980343980344,1165,1034,0.11244635193133047,False,False
EXPR_TTR,float64,1628,463,0.2843980343980344,1165,1036,0.10987124463519313,False,False
EXPR_F7,float64,1628,463,0.2843980343980344,1165,1036,0.10987124463519313,False,False
EXPR_GAP43,float64,1628,463,0.2843980343980344,1165,1037,0.10815450643776824,False,False
EXPR_SERPIND1,float64,1628,463,0.2843980343980344,1165,1036,0.1072961373390558,False,False
EXPR_PTPRZ1,float64,1628,463,0.2843980343980344,1165,1041,0.1072961373390558,False,False
EXPR_CYP4F11,float64,1628,463,0.2843980343980344,1165,1040,0.1072961373390558,False,False
EXPR_BEX1,float64,1628,463,0.2843980343980344,1165,1039,0.1072961373390558,False,False
EXPR_MLANA,float64,1628,463,0.2843980343980344,1165,1032,0.10643776824034334,False,False
EXPR_FOXA3,float64,1628,463,0.2843980343980344,1165,1038,0.10643776824034334,False,False
EXPR_GRB7,float64,1628,463,0.2843980343980344,1165,1034,0.1055793991416309,False,False
EXPR_LGALS4,float64,1628,463,0.2843980343980344,1165,1040,0.10472103004291845,False,False
EXPR_GSTT1,float64,1628,463,0.2843980343980344,1165,1043,0.10386266094420601,False,False
EXPR_CRTAC1,float64,1628,463,0.2843980343980344,1165,1047,0.10128755364806867,False,False
EXPR_FTCD,float64,1628,463,0.2843980343980344,1165,1042,0.09957081545064378,False,False
EXPR_AMN,float64,1628,463,0.2843980343980344,1165,1043,0.09957081545064378,False,False
EXPR_COL11A1,float64,1628,463,0.2843980343980344,1165,1053,0.09699570815450644,False,False
EXPR_CCL21,float64,1628,463,0.2843980343980344,1165,1051,0.09699570815450644,False,False
EXPR_GOLT1A,float64,1628,463,0.2843980343980344,1165,1049,0.096137339055794,False,False
EXPR_SAA2,float64,1628,463,0.2843980343980344,1165,1052,0.09527896995708154,False,False
EXPR_PKP3,float64,1628,463,0.2843980343980344,1165,1054,0.0944206008583691,False,False
EXPR_CDH19,float64,1628,463,0.2843980343980344,1165,1052,0.09356223175965665,False,False
EXPR_CHL1,float64,1628,463,0.2843980343980344,1165,1057,0.0927038626609442,False,False
EXPR_BIRC7,float64,1628,463,0.2843980343980344,1165,1058,0.09012875536480687,False,False
EXPR_CLDN3,float64,1628,463,0.2843980343980344,1165,1053,0.09012875536480687,False,False
EXPR_EVPL,float64,1628,463,0.2843980343980344,1165,1057,0.09012875536480687,False,False
EXPR_APOC4,float64,1628,463,0.2843980343980344,1165,1063,0.08669527896995709,False,False
EXPR_DUOX2,float64,1628,463,0.2843980343980344,1165,1053,0.08669527896995709,False,False
EXPR_NPC1L1,float64,1628,463,0.2843980343980344,1165,1058,0.08497854077253218,False,False
EXPR_PRSS8,float64,1628,463,0.2843980343980344,1165,1062,0.08412017167381974,False,False
EXPR_SLC24A5,float64,1628,463,0.2843980343980344,1165,1066,0.08412017167381974,False,False
EXPR_MMP7,float64,1628,463,0.2843980343980344,1165,1067,0.08326180257510729,False,False
EXPR_S100P,float64,1628,463,0.2843980343980344,1165,1066,0.08326180257510729,False,False
EXPR_GPM6A,float64,1628,463,0.2843980343980344,1165,1067,0.08326180257510729,False,False
EXPR_MIA,float64,1628,463,0.2843980343980344,1165,1078,0.07381974248927038,False,False
EXPR_APOA1,float64,1628,463,0.2843980343980344,1165,1080,0.07210300429184549,False,False
EXPR_EPCAM,float64,1628,463,0.2843980343980344,1165,1079,0.07210300429184549,False,False
EXPR_HP,float64,1628,463,0.2843980343980344,1165,1085,0.06866952789699571,False,False
EXPR_TRIM29,float64,1628,463,0.2843980343980344,1165,1081,0.06866952789699571,False,False
EXPR_PON3,float64,1628,463,0.2843980343980344,1165,1083,0.06781115879828326,False,False
EXPR_NEU4,float64,1628,463,0.2843980343980344,1165,1080,0.06781115879828326,False,False
EXPR_DPYS,float64,1628,463,0.2843980343980344,1165,1080,0.06695278969957082,False,False
EXPR_TMPRSS6,float64,1628,463,0.2843980343980344,1165,1080,0.06695278969957082,False,False
EXPR_MUC5B,float64,1628,463,0.2843980343980344,1165,1081,0.06523605150214593,False,False
EXPR_HCHOLA3,float64,1628,463,0.2843980343980344,1165,1086,0.06523605150214593,False,False
EXPR_HOMG2,float64,1628,463,0.2843980343980344,1165,1083,0.06523605150214593,False,False
EXPR_KLB,float64,1628,463,0.2843980343980344,1165,1088,0.06437768240343347,False,False
EXPR_LAD1,float64,1628,463,0.2843980343980344,1165,1091,0.06437768240343347,False,False
EXPR_PPP1R1A,float64,1628,463,0.2843980343980344,1165,1093,0.06266094420600858,False,False
EXPR_MAT1A,float64,1628,463,0.2843980343980344,1165,1094,0.060085836909871244,False,False
EXPR_KIF1A,float64,1628,463,0.2843980343980344,1165,1096,0.0592274678111588,False,False
EXPR_COL17A1,float64,1628,463,0.2843980343980344,1165,1088,0.0592274678111588,False,False
EXPR_RBP4,float64,1628,463,0.2843980343980344,1165,1093,0.05751072961373391,False,False
EXPR_TMEM45B,float64,1628,463,0.2843980343980344,1165,1094,0.05751072961373391,False,False
EXPR_SLC6A17,float64,1628,463,0.2843980343980344,1165,1100,0.05665236051502146,False,False
EXPR_EXTL1,float64,1628,463,0.2843980343980344,1165,1097,0.05665236051502146,False,False
EXPR_SLC45A2,float64,1628,463,0.2843980343980344,1165,1095,0.054935622317596564,False,False
EXPR_SAA1,float64,1628,463,0.2843980343980344,1165,1104,0.05236051502145923,False,False
EXPR_ATP1A2,float64,1628,463,0.2843980343980344,1165,1101,0.05236051502145923,False,False
EXPR_PIGR,float64,1628,463,0.2843980343980344,1165,1100,0.05150214592274678,False,False
EXPR_ALDOB,float64,1628,463,0.2843980343980344,1165,1106,0.050643776824034335,False,False
EXPR_FXYD3,float64,1628,463,0.2843980343980344,1165,1107,0.04978540772532189,False,False
EXPR_ABCG5,float64,1628,463,0.2843980343980344,1165,1095,0.04978540772532189,False,False
EXPR_TMC5,float64,1628,463,0.2843980343980344,1165,1097,0.048068669527897,False,False
EXPR_ATP2B2,float64,1628,463,0.2843980343980344,1165,1108,0.04721030042918455,False,False
EXPR_UPB1,float64,1628,463,0.2843980343980344,1165,1101,0.0463519313304721,False,False
EXPR_PROC,float64,1628,463,0.2843980343980344,1165,1111,0.04463519313304721,False,False
EXPR_SLPI,float64,1628,463,0.2843980343980344,1165,1113,0.04377682403433476,False,False
EXPR_SLC27A2,float64,1628,463,0.2843980343980344,1165,1111,0.04377682403433476,False,False
EXPR_TMEM184A,float64,1628,463,0.2843980343980344,1165,1114,0.04377682403433476,False,False
EXPR_CDH3,float64,1628,463,0.2843980343980344,1165,1115,0.04291845493562232,False,False
EXPR_MIC5,float64,1628,463,0.2843980343980344,1165,1118,0.04034334763948498,False,False
EXPR_CXCL14,float64,1628,463,0.2843980343980344,1165,1119,0.04034334763948498,False,False
EXPR_RGN,float64,1628,463,0.2843980343980344,1165,1117,0.039484978540772535,False,False
EXPR_S100A14,float64,1628,463,0.2843980343980344,1165,1115,0.039484978540772535,False,False
EXPR_MAL2,float64,1628,463,0.2843980343980344,1165,1120,0.03862660944206009,False,False
EXPR_SALL1,float64,1628,463,0.2843980343980344,1165,1121,0.03776824034334764,False,False
EXPR_SLC38A3,float64,1628,463,0.2843980343980344,1165,1120,0.03690987124463519,False,False
EXPR_SLC22A1,float64,1628,463,0.2843980343980344,1165,1113,0.03690987124463519,False,False
EXPR_GSTM1,float64,1628,463,0.2843980343980344,1165,1116,0.03690987124463519,False,False
EXPR_MTTP,float64,1628,463,0.2843980343980344,1165,1122,0.036051502145922745,False,False
EXPR_KLKB1,float64,1628,463,0.2843980343980344,1165,1120,0.0351931330472103,False,False
EXPR_BAAT,float64,1628,463,0.2843980343980344,1165,1123,0.034334763948497854,False,False
EXPR_C8G,float64,1628,463,0.2843980343980344,1165,1121,0.034334763948497854,False,False
EXPR_MLXIPL,float64,1628,463,0.2843980343980344,1165,1124,0.034334763948497854,False,False
EXPR_LIPC,float64,1628,463,0.2843980343980344,1165,1121,0.034334763948497854,False,False
EXPR_PLA2G2A,float64,1628,463,0.2843980343980344,1165,1126,0.03347639484978541,False,False
EXPR_FCRLA,float64,1628,463,0.2843980343980344,1165,1126,0.03347639484978541,False,False
EXPR_GPRC5A,float64,1628,463,0.2843980343980344,1165,1126,0.03261802575107296,False,False
EXPR_KRT7,float64,1628,463,0.2843980343980344,1165,1128,0.030901287553648068,False,False
EXPR_DMGDH,float64,1628,463,0.2843980343980344,1165,1131,0.029184549356223177,False,False
EXPR_ITIH3,float64,1628,463,0.2843980343980344,1165,1130,0.027467811158798282,False,False
EXPR_CES1,float64,1628,463,0.2843980343980344,1165,1134,0.027467811158798282,False,False
EXPR_ALDH1L1,float64,1628,463,0.2843980343980344,1165,1133,0.027467811158798282,False,False
EXPR_PCHC1,float64,1628,463,0.2843980343980344,1165,1130,0.026609442060085836,False,False
EXPR_CDO1,float64,1628,463,0.2843980343980344,1165,1134,0.02575107296137339,False,False
EXPR_FGFR2,float64,1628,463,0.2843980343980344,1165,1133,0.02575107296137339,False,False
EXPR_TTYH1,float64,1628,463,0.2843980343980344,1165,1133,0.024892703862660945,False,False
EXPR_ITGB8,float64,1628,463,0.2843980343980344,1165,1135,0.024892703862660945,False,False
EXPR_CYP2D6,float64,1628,463,0.2843980343980344,1165,1136,0.0240343347639485,False,False
EXPR_LEAP2,float64,1628,463,0.2843980343980344,1165,1134,0.0240343347639485,False,False
EXPR_SFN,float64,1628,463,0.2843980343980344,1165,1139,0.02317596566523605,False,False
EXPR_HPX,float64,1628,463,0.2843980343980344,1165,1137,0.022317596566523604,False,False
EXPR_SLC1A2,float64,1628,463,0.2843980343980344,1165,1138,0.022317596566523604,False,False
EXPR_MLC1,float64,1628,463,0.2843980343980344,1165,1138,0.022317596566523604,False,False
EXPR_MASP1,float64,1628,463,0.2843980343980344,1165,1141,0.020600858369098713,False,False
EXPR_ASGR2,float64,1628,463,0.2843980343980344,1165,1140,0.019742489270386267,False,False
EXPR_SMOC1,float64,1628,463,0.2843980343980344,1165,1143,0.019742489270386267,False,False
EXPR_CYP2E1,float64,1628,463,0.2843980343980344,1165,1142,0.018025751072961373,False,False
EXPR_PXE,float64,1628,463,0.2843980343980344,1165,1141,0.018025751072961373,False,False
EXPR_BHMT2,float64,1628,463,0.2843980343980344,1165,1146,0.017167381974248927,False,False
EXPR_NSG1,float64,1628,463,0.2843980343980344,1165,1143,0.017167381974248927,False,False
EXPR_LAMC2,float64,1628,463,0.2843980343980344,1165,1144,0.017167381974248927,False,False
EXPR_PRG4,float64,1628,463,0.2843980343980344,1165,1146,0.01630901287553648,False,False
EXPR_RORC,float64,1628,463,0.2843980343980344,1165,1145,0.01630901287553648,False,False
EXPR_SFRP1,float64,1628,463,0.2843980343980344,1165,1147,0.015450643776824034,False,False
EXPR_CP,float64,1628,463,0.2843980343980344,1165,1150,0.013733905579399141,False,False
EXPR_TDD,float64,1628,463,0.2843980343980344,1165,1148,0.013733905579399141,False,False
EXPR_MGC13038,float64,1628,463,0.2843980343980344,1165,1149,0.013733905579399141,False,False
EXPR_INHBE,float64,1628,463,0.2843980343980344,1165,1141,0.013733905579399141,False,False
EXPR_GPR143,float64,1628,463,0.2843980343980344,1165,1145,0.013733905579399141,False,False
EXPR_TFAP2A,float64,1628,463,0.2843980343980344,1165,1151,0.012875536480686695,False,False
EXPR_MASP2,float64,1628,463,0.2843980343980344,1165,1152,0.011158798283261802,False,False
EXPR_ALDH8A1,float64,1628,463,0.2843980343980344,1165,1150,0.011158798283261802,False,False
EXPR_ELF3,float64,1628,463,0.2843980343980344,1165,1153,0.010300429184549357,False,False
EXPR_RDH16,float64,1628,463,0.2843980343980344,1165,1149,0.010300429184549357,False,False
EXPR_S100B,float64,1628,463,0.2843980343980344,1165,1155,0.00944206008583691,False,False
EXPR_SLC22A3,float64,1628,463,0.2843980343980344,1165,1151,0.00944206008583691,False,False
EXPR_CYP3A5,float64,1628,463,0.2843980343980344,1165,1152,0.008583690987124463,False,False
EXPR_GPM6B,float64,1628,463,0.2843980343980344,1165,1153,0.007725321888412017,False,False
EXPR_TF,float64,1628,463,0.2843980343980344,1165,1158,0.0068669527896995704,False,False
EXPR_F5,float64,1628,463,0.2843980343980344,1165,1157,0.006008583690987125,False,False
EXPR_HPN,float64,1628,463,0.2843980343980344,1165,1158,0.006008583690987125,False,False
EXPR_ABCC2,float64,1628,463,0.2843980343980344,1165,1158,0.006008583690987125,False,False
EXPR_LRG1,float64,1628,463,0.2843980343980344,1165,1156,0.005150214592274678,False,False
EXPR_HSD17B6,float64,1628,463,0.2843980343980344,1165,1160,0.005150214592274678,False,False
EXPR_PDZK1,float64,1628,463,0.2843980343980344,1165,1156,0.005150214592274678,False,False
EXPR_VTN,float64,1628,463,0.2843980343980344,1165,1160,0.004291845493562232,False,False
EXPR_AKR1C1,float64,1628,463,0.2843980343980344,1165,1161,0.004291845493562232,False,False
EXPR_AQP9,float64,1628,463,0.2843980343980344,1165,1160,0.004291845493562232,False,False
EXPR_SLC6A1,float64,1628,463,0.2843980343980344,1165,1161,0.004291845493562232,False,False
EXPR_CLDN4,float64,1628,463,0.2843980343980344,1165,1161,0.004291845493562232,False,False
EXPR_AOX1,float64,1628,463,0.2843980343980344,1165,1162,0.0034334763948497852,False,False
EXPR_FMO3,float64,1628,463,0.2843980343980344,1165,1161,0.0034334763948497852,False,False
EXPR_ITIHL1,float64,1628,463,0.2843980343980344,1165,1163,0.002575107296137339,False,False
EXPR_D12S53E,float64,1628,463,0.2843980343980344,1165,1164,0.0017167381974248926,False,False
EXPR_AGT,float64,1628,463,0.2843980343980344,1165,1164,0.0017167381974248926,False,False
EXPR_KRT8,float64,1628,463,0.2843980343980344,1165,1164,0.0017167381974248926,False,False
EXPR_TFR2,float64,1628,463,0.2843980343980344,1165,1163,0.0017167381974248926,False,False
EXPR_ASGR1,float64,1628,463,0.2843980343980344,1165,1164,0.0017167381974248926,False,False
EXPR_APOD,float64,1628,463,0.2843980343980344,1165,1164,0.0017167381974248926,False,False
EXPR_PIPOX,float64,1628,463,0.2843980343980344,1165,1164,0.0017167381974248926,False,False
EXPR_SERPINA5,float64,1628,463,0.2843980343980344,1165,1163,0.0017167381974248926,False,False
EXPR_MGST1,float64,1628,463,0.2843980343980344,1165,1163,0.0017167381974248926,False,False
EXPR_SERPINA1,float64,1628,463,0.2843980343980344,1165,1165,0.0008583690987124463,False,False
EXPR_APOC2,float64,1628,463,0.2843980343980344,1165,1165,0.0008583690987124463,False,False
EXPR_PLI,float64,1628,463,0.2843980343980344,1165,1165,0.0008583690987124463,False,False
EXPR_CFB,float64,1628,463,0.2843980343980344,1165,1165,0.0008583690987124463,False,False
EXPR_KRT18,float64,1628,463,0.2843980343980344,1165,1165,0.0008583690987124463,False,False
EXPR_F10,float64,1628,463,0.2843980343980344,1165,1165,0.0008583690987124463,False,False
EXPR_CPS1,float64,1628,463,0.2843980343980344,1165,1165,0.0008583690987124463,False,False
EXPR_HSD17B5,float64,1628,463,0.2843980343980344,1165,1165,0.0008583690987124463,False,False
EXPR_CD24,float64,1628,463,0.2843980343980344,1165,1165,0.0008583690987124463,False,False
EXPR_ADAM6,float64,1628,463,0.2843980343980344,1165,1165,0.0008583690987124463,False,False
EXPR_CLU,float64,1628,463,0.2843980343980344,1165,1165,0.0008583690987124463,False,False
EXPR_SERPINA3,float64,1628,463,0.2843980343980344,1165,1165,0.0008583690987124463,False,False
MUTATION_BURDEN,float64,1628,459,0.2819410319410319,1169,460,0.015397775876817793,True,False
DFS_STATUS,str,1628,317,0.1947174447174447,1311,2,0.6895499618611747,True,False
ETHNICITY,str,1628,167,0.10257985257985258,1461,3,0.9671457905544147,True,False
TUMOR_STATUS,str,1628,163,0.10012285012285012,1465,3,0.6273037542662117,False,False
CNA_BDK,float64,1628,141,0.0866093366093366,1487,1,1.0,False,False
CNA_FHR2,float64,1628,141,0.0866093366093366,1487,1,1.0,False,False
CNA_DOM,float64,1628,141,0.0866093366093366,1487,1,1.0,False,False
CNA_MAPE,float64,1628,141,0.0866093366093366,1487,1,1.0,False,False
CNA_AKR1B11,float64,1628,141,0.0866093366093366,1487,1,1.0,False,False
CNA_MODY1,float64,1628,141,0.0866093366093366,1487,1,1.0,False,False
CNA_D12S53E,float64,1628,141,0.0866093366093366,1487,1,1.0,False,False
CNA_CYP3A3,float64,1628,141,0.0866093366093366,1487,1,1.0,False,False
CNA_RPS4Y1,float64,1628,141,0.0866093366093366,1487,1,1.0,False,False
CNA_ITIHL1,float64,1628,141,0.0866093366093366,1487,1,1.0,False,False
CNA_CYP2B,float64,1628,141,0.0866093366093366,1487,1,1.0,False,False
CNA_ANGPTL8,float64,1628,141,0.0866093366093366,1487,1,1.0,False,False
CNA_TDD,float64,1628,141,0.0866093366093366,1487,1,1.0,False,False
CNA_ANX14,float64,1628,141,0.0866093366093366,1487,1,1.0,False,False
CNA_MGC13038,float64,1628,141,0.0866093366093366,1487,1,1.0,False,False
CNA_DDX3Y,float64,1628,141,0.0866093366093366,1487,1,1.0,False,False
CNA_PCHC1,float64,1628,141,0.0866093366093366,1487,1,1.0,False,False
CNA_DKFZp547D155,float64,1628,141,0.0866093366093366,1487,1,1.0,False,False
CNA_PXE,float64,1628,141,0.0866093366093366,1487,1,1.0,False,False
CNA_PLI,float64,1628,141,0.0866093366093366,1487,1,1.0,False,False
CNA_LOC285733,float64,1628,141,0.0866093366093366,1487,1,1.0,False,False
CNA_MIC5,float64,1628,141,0.0866093366093366,1487,1,1.0,False,False
CNA_HY,float64,1628,141,0.0866093366093366,1487,1,1.0,False,False
CNA_MIR9-1HG,float64,1628,141,0.0866093366093366,1487,1,1.0,False,False
CNA_DFNB18,float64,1628,141,0.0866093366093366,1487,1,1.0,False,False
CNA_EDM1,float64,1628,141,0.0866093366093366,1487,1,1.0,False,False
CNA_ERICH5,float64,1628,141,0.0866093366093366,1487,1,1.0,False,False
CNA_KRTL1,float64,1628,141,0.0866093366093366,1487,1,1.0,False,False
CNA_C6orf71,float64,1628,141,0.0866093366093366,1487,1,1.0,False,False
CNA_HCHOLA3,float64,1628,141,0.0866093366093366,1487,1,1.0,False,False
CNA_EIF1AY,float64,1628,141,0.0866093366093366,1487,1,1.0,False,False
CNA_MAB21L4,float64,1628,141,0.0866093366093366,1487,1,1.0,False,False
CNA_HSD17B5,float64,1628,141,0.0866093366093366,1487,1,1.0,False,False
CNA_CD24,float64,1628,141,0.0866093366093366,1487,1,1.0,False,False
CNA_HOMG2,float64,1628,141,0.0866093366093366,1487,1,1.0,False,False
CNA_PFIC2,float64,1628,141,0.0866093366093366,1487,1,1.0,False,False
CNA_CCDC198,float64,1628,141,0.0866093366093366,1487,1,1.0,False,False
CNA_LINC01018,float64,1628,141,0.0866093366093366,1487,1,1.0,False,False
CNA_FABP1,float64,1628,141,0.0866093366093366,1487,4,0.8056489576328177,False,False
CNA_REG1A,float64,1628,141,0.0866093366093366,1487,4,0.8049764626765299,False,False
CNA_REG3A,float64,1628,141,0.0866093366093366,1487,4,0.8049764626765299,False,False
CNA_REG1B,float64,1628,141,0.0866093366093366,1487,4,0.8049764626765299,False,False
CNA_NAT8,float64,1628,141,0.0866093366093366,1487,4,0.8029589778076665,False,False
CNA_PROC,float64,1628,141,0.0866093366093366,1487,5,0.7989240080699395,False,False
CNA_ABCG5,float64,1628,141,0.0866093366093366,1487,5,0.7982515131136516,False,False
CNA_EPCAM,float64,1628,141,0.0866093366093366,1487,5,0.7975790181573639,False,False
CNA_ABCG8,float64,1628,141,0.0866093366093366,1487,5,0.7975790181573639,False,False
CNA_ACMSD,float64,1628,141,0.0866093366093366,1487,5,0.7935440484196369,False,False
CNA_XDH,float64,1628,141,0.0866093366093366,1487,5,0.788836583725622,False,False
CNA_GCKR,float64,1628,141,0.0866093366093366,1487,4,0.7874915938130465,False,False
CNA_APOB,float64,1628,141,0.0866093366093366,1487,5,0.784801613987895,False,False
CNA_GCG,float64,1628,141,0.0866093366093366,1487,5,0.7827841291190316,False,False
CNA_ITGB6,float64,1628,141,0.0866093366093366,1487,5,0.7821116341627438,False,False
CNA_AOX1,float64,1628,141,0.0866093366093366,1487,5,0.7821116341627438,False,False
CNA_PTPRN,float64,1628,141,0.0866093366093366,1487,5,0.7814391392064559,False,False
CNA_VIL1,float64,1628,141,0.0866093366093366,1487,5,0.7800941492938803,False,False
CNA_PAX3,float64,1628,141,0.0866093366093366,1487,5,0.777404169468729,False,False
CNA_DNER,float64,1628,141,0.0866093366093366,1487,5,0.7767316745124412,False,False
CNA_CPS1,float64,1628,141,0.0866093366093366,1487,5,0.7740416946872899,False,False
CNA_UGT1A1,float64,1628,141,0.0866093366093366,1487,5,0.7646267652992602,False,False
CNA_UGT1A4,float64,1628,141,0.0866093366093366,1487,5,0.7639542703429725,False,False
CNA_UGT1A3,float64,1628,141,0.0866093366093366,1487,5,0.7639542703429725,False,False
CNA_UGT1A6,float64,1628,141,0.0866093366093366,1487,5,0.7626092804303968,False,False
CNA_UGT1A9,float64,1628,141,0.0866093366093366,1487,5,0.7626092804303968,False,False
CNA_SPP2,float64,1628,141,0.0866093366093366,1487,5,0.7619367854741089,False,False
CNA_IGSF11,float64,1628,141,0.0866093366093366,1487,5,0.7545393409549428,False,False
CNA_GAP43,float64,1628,141,0.0866093366093366,1487,5,0.753866845998655,False,False
CNA_HGD,float64,1628,141,0.0866093366093366,1487,5,0.7531943510423672,False,False
CNA_AGXT,float64,1628,141,0.0866093366093366,1487,5,0.7518493611297915,False,False
CNA_KIF1A,float64,1628,141,0.0866093366093366,1487,5,0.7518493611297915,False,False
CNA_ALDH1L1,float64,1628,141,0.0866093366093366,1487,5,0.7505043712172159,False,False
CNA_CLDN18,float64,1628,141,0.0866093366093366,1487,5,0.7498318762609281,False,False
CNA_NEU4,float64,1628,141,0.0866093366093366,1487,5,0.7498318762609281,False,False
CNA_KRT18,float64,1628,141,0.0866093366093366,1487,4,0.7491593813046402,False,False
CNA_UROC1,float64,1628,141,0.0866093366093366,1487,5,0.7491593813046402,False,False
CNA_MUC13,float64,1628,141,0.0866093366093366,1487,5,0.7484868863483524,False,False
CNA_KRT7,float64,1628,141,0.0866093366093366,1487,5,0.7484868863483524,False,False
CNA_PAH,float64,1628,141,0.0866093366093366,1487,5,0.7478143913920645,False,False
CNA_TF,float64,1628,141,0.0866093366093366,1487,5,0.7478143913920645,False,False
CNA_KRT8,float64,1628,141,0.0866093366093366,1487,4,0.7478143913920645,False,False
CNA_KRT6A,float64,1628,141,0.0866093366093366,1487,5,0.7478143913920645,False,False
CNA_KRT5,float64,1628,141,0.0866093366093366,1487,5,0.7471418964357768,False,False
CNA_DAO,float64,1628,141,0.0866093366093366,1487,5,0.7464694014794889,False,False
CNA_HAL,float64,1628,141,0.0866093366093366,1487,5,0.7464694014794889,False,False
CNA_PAQR9,float64,1628,141,0.0866093366093366,1487,5,0.7464694014794889,False,False
CNA_PPP1R1A,float64,1628,141,0.0866093366093366,1487,5,0.7464694014794889,False,False
CNA_TSPAN8,float64,1628,141,0.0866093366093366,1487,5,0.7457969065232011,False,False
CNA_SLC6A1,float64,1628,141,0.0866093366093366,1487,5,0.7444519166106254,False,False
CNA_NR1H4,float64,1628,141,0.0866093366093366,1487,5,0.7431069266980498,False,False
CNA_CPB1,float64,1628,141,0.0866093366093366,1487,5,0.7431069266980498,False,False
CNA_HPD,float64,1628,141,0.0866093366093366,1487,5,0.7424344317417619,False,False
CNA_CP,float64,1628,141,0.0866093366093366,1487,5,0.7424344317417619,False,False
CNA_CHL1,float64,1628,141,0.0866093366093366,1487,5,0.7424344317417619,False,False
CNA_AADAC,float64,1628,141,0.0866093366093366,1487,5,0.7417619367854741,False,False
CNA_TM4SF4,float64,1628,141,0.0866093366093366,1487,5,0.7410894418291862,False,False
CNA_SLC38A4,float64,1628,141,0.0866093366093366,1487,5,0.7404169468728985,False,False
CNA_APOF,float64,1628,141,0.0866093366093366,1487,5,0.7397444519166106,False,False
CNA_ALX1,float64,1628,141,0.0866093366093366,1487,5,0.7390719569603228,False,False
CNA_SLC39A5,float64,1628,141,0.0866093366093366,1487,5,0.738399462004035,False,False
CNA_GLYAT,float64,1628,141,0.0866093366093366,1487,5,0.738399462004035,False,False
CNA_HSD17B6,float64,1628,141,0.0866093366093366,1487,5,0.738399462004035,False,False
CNA_SYT13,float64,1628,141,0.0866093366093366,1487,5,0.738399462004035,False,False
CNA_SLC6A15,float64,1628,141,0.0866093366093366,1487,5,0.7377269670477471,False,False
CNA_ATP2B2,float64,1628,141,0.0866093366093366,1487,5,0.7377269670477471,False,False
CNA_CYP8B1,float64,1628,141,0.0866093366093366,1487,5,0.7370544720914594,False,False
CNA_RDH16,float64,1628,141,0.0866093366093366,1487,4,0.7370544720914594,False,False
CNA_F2,float64,1628,141,0.0866093366093366,1487,5,0.7363819771351715,False,False
CNA_PRSS8,float64,1628,141,0.0866093366093366,1487,5,0.7363819771351715,False,False
CNA_GLYATL1,float64,1628,141,0.0866093366093366,1487,5,0.7357094821788837,False,False
CNA_TCN1,float64,1628,141,0.0866093366093366,1487,5,0.7357094821788837,False,False
CNA_RTP3,float64,1628,141,0.0866093366093366,1487,5,0.7350369872225958,False,False
CNA_KLB,float64,1628,141,0.0866093366093366,1487,5,0.734364492266308,False,False
CNA_SAA1,float64,1628,141,0.0866093366093366,1487,4,0.7330195023537324,False,False
CNA_SAA4,float64,1628,141,0.0866093366093366,1487,4,0.7323470073974445,False,False
CNA_SAA2,float64,1628,141,0.0866093366093366,1487,5,0.7316745124411567,False,False
CNA_ITIH3,float64,1628,141,0.0866093366093366,1487,5,0.7303295225285811,False,False
CNA_ITIH1,float64,1628,141,0.0866093366093366,1487,5,0.7296570275722932,False,False
CNA_SLC22A9,float64,1628,141,0.0866093366093366,1487,5,0.7296570275722932,False,False
CNA_SLC1A2,float64,1628,141,0.0866093366093366,1487,4,0.7296570275722932,False,False
CNA_SLC2A2,float64,1628,141,0.0866093366093366,1487,5,0.7289845326160054,False,False
CNA_TMC5,float64,1628,141,0.0866093366093366,1487,4,0.7276395427034297,False,False
CNA_GP2,float64,1628,141,0.0866093366093366,1487,5,0.7242770679219905,False,False
CNA_MASP1,float64,1628,141,0.0866093366093366,1487,5,0.7242770679219905,False,False
CNA_NSG1,float64,1628,141,0.0866093366093366,1487,5,0.7236045729657028,False,False
CNA_HGFAC,float64,1628,141,0.0866093366093366,1487,5,0.7236045729657028,False,False
CNA_SST,float64,1628,141,0.0866093366093366,1487,5,0.7236045729657028,False,False
CNA_SLC38A3,float64,1628,141,0.0866093366093366,1487,5,0.722932078009415,False,False
CNA_S100P,float64,1628,141,0.0866093366093366,1487,5,0.722932078009415,False,False
CNA_SOX2,float64,1628,141,0.0866093366093366,1487,5,0.722932078009415,False,False
CNA_AHSG,float64,1628,141,0.0866093366093366,1487,5,0.7222595830531271,False,False
CNA_ACSM2A,float64,1628,141,0.0866093366093366,1487,5,0.7222595830531271,False,False
CNA_FETUB,float64,1628,141,0.0866093366093366,1487,5,0.7222595830531271,False,False
CNA_INHBE,float64,1628,141,0.0866093366093366,1487,4,0.7215870880968392,False,False
CNA_INHBC,float64,1628,141,0.0866093366093366,1487,4,0.7215870880968392,False,False
CNA_HRG,float64,1628,141,0.0866093366093366,1487,5,0.7209145931405514,False,False
CNA_ACSM2B,float64,1628,141,0.0866093366093366,1487,5,0.7209145931405514,False,False
CNA_GYS2,float64,1628,141,0.0866093366093366,1487,5,0.7202420981842637,False,False
CNA_ACSM1,float64,1628,141,0.0866093366093366,1487,5,0.7202420981842637,False,False
CNA_HPX,float64,1628,141,0.0866093366093366,1487,5,0.7195696032279758,False,False
CNA_GC,float64,1628,141,0.0866093366093366,1487,5,0.718897108271688,False,False
CNA_UGT2B15,float64,1628,141,0.0866093366093366,1487,5,0.718897108271688,False,False
CNA_UGT2B10,float64,1628,141,0.0866093366093366,1487,5,0.718897108271688,False,False
CNA_UGT2B7,float64,1628,141,0.0866093366093366,1487,5,0.718897108271688,False,False
CNA_UGT2A3,float64,1628,141,0.0866093366093366,1487,5,0.718897108271688,False,False
CNA_UGT2B11,float64,1628,141,0.0866093366093366,1487,5,0.718897108271688,False,False
CNA_FDCSP,float64,1628,141,0.0866093366093366,1487,5,0.718897108271688,False,False
CNA_CPN2,float64,1628,141,0.0866093366093366,1487,5,0.7182246133154001,False,False
CNA_ANKS4B,float64,1628,141,0.0866093366093366,1487,5,0.7182246133154001,False,False
CNA_UGT2B4,float64,1628,141,0.0866093366093366,1487,5,0.7175521183591123,False,False
CNA_VTN,float64,1628,141,0.0866093366093366,1487,4,0.7175521183591123,False,False
CNA_SLCO1B1,float64,1628,141,0.0866093366093366,1487,5,0.7175521183591123,False,False
CNA_AFM,float64,1628,141,0.0866093366093366,1487,5,0.7175521183591123,False,False
CNA_THRSP,float64,1628,141,0.0866093366093366,1487,4,0.7168796234028245,False,False
CNA_APOD,float64,1628,141,0.0866093366093366,1487,5,0.7162071284465367,False,False
CNA_SLCO1B3,float64,1628,141,0.0866093366093366,1487,5,0.7162071284465367,False,False
CNA_CXCL5,float64,1628,141,0.0866093366093366,1487,5,0.7162071284465367,False,False
CNA_KRT19,float64,1628,141,0.0866093366093366,1487,5,0.7155346334902488,False,False
CNA_AFP,float64,1628,141,0.0866093366093366,1487,5,0.7155346334902488,False,False
CNA_KRT14,float64,1628,141,0.0866093366093366,1487,5,0.7155346334902488,False,False
CNA_KRT16,float64,1628,141,0.0866093366093366,1487,5,0.7141896435776731,False,False
CNA_ALB,float64,1628,141,0.0866093366093366,1487,5,0.7135171486213854,False,False
CNA_BHMT2,float64,1628,141,0.0866093366093366,1487,5,0.7135171486213854,False,False
CNA_KRT23,float64,1628,141,0.0866093366093366,1487,5,0.7135171486213854,False,False
CNA_MGST1,float64,1628,141,0.0866093366093366,1487,5,0.7135171486213854,False,False
CNA_INS,float64,1628,141,0.0866093366093366,1487,5,0.7128446536650975,False,False
CNA_ACOT12,float64,1628,141,0.0866093366093366,1487,5,0.7128446536650975,False,False
CNA_PLP1,float64,1628,141,0.0866093366093366,1487,5,0.7121721587088097,False,False
CNA_BHMT,float64,1628,141,0.0866093366093366,1487,5,0.7121721587088097,False,False
CNA_BEX1,float64,1628,141,0.0866093366093366,1487,5,0.7121721587088097,False,False
CNA_DIO1,float64,1628,141,0.0866093366093366,1487,5,0.7114996637525218,False,False
CNA_DMGDH,float64,1628,141,0.0866093366093366,1487,5,0.7114996637525218,False,False
CNA_G6PC,float64,1628,141,0.0866093366093366,1487,5,0.710827168796234,False,False
CNA_GFAP,float64,1628,141,0.0866093366093366,1487,5,0.710827168796234,False,False
CNA_CCL15,float64,1628,141,0.0866093366093366,1487,5,0.710827168796234,False,False
CNA_CCL16,float64,1628,141,0.0866093366093366,1487,5,0.7101546738399462,False,False
CNA_CLDN2,float64,1628,141,0.0866093366093366,1487,5,0.7101546738399462,False,False
CNA_HNF1B,float64,1628,141,0.0866093366093366,1487,5,0.7101546738399462,False,False
CNA_GPRC5A,float64,1628,141,0.0866093366093366,1487,5,0.7101546738399462,False,False
CNA_ANGPTL3,float64,1628,141,0.0866093366093366,1487,5,0.7094821788836584,False,False
CNA_SERPINA7,float64,1628,141,0.0866093366093366,1487,5,0.7094821788836584,False,False
CNA_C6,float64,1628,141,0.0866093366093366,1487,5,0.7088096839273705,False,False
CNA_C8B,float64,1628,141,0.0866093366093366,1487,5,0.7081371889710827,False,False
CNA_C8A,float64,1628,141,0.0866093366093366,1487,5,0.7081371889710827,False,False
CNA_MUC5B,float64,1628,141,0.0866093366093366,1487,5,0.7081371889710827,False,False
CNA_MUC6,float64,1628,141,0.0866093366093366,1487,5,0.7074646940147948,False,False
CNA_PPP1R1B,float64,1628,141,0.0866093366093366,1487,5,0.7067921990585071,False,False
CNA_CYP4A22,float64,1628,141,0.0866093366093366,1487,4,0.7067921990585071,False,False
CNA_CYP4A11,float64,1628,141,0.0866093366093366,1487,4,0.7061197041022192,False,False
CNA_PDZK1IP1,float64,1628,141,0.0866093366093366,1487,4,0.7061197041022192,False,False
CNA_PRR15L,float64,1628,141,0.0866093366093366,1487,5,0.7061197041022192,False,False
CNA_TYR,float64,1628,141,0.0866093366093366,1487,5,0.7054472091459314,False,False
CNA_GCNT3,float64,1628,141,0.0866093366093366,1487,5,0.7054472091459314,False,False
CNA_GRB7,float64,1628,141,0.0866093366093366,1487,5,0.7054472091459314,False,False
CNA_C9,float64,1628,141,0.0866093366093366,1487,4,0.7047747141896435,False,False
CNA_PIPOX,float64,1628,141,0.0866093366093366,1487,4,0.7041022192333557,False,False
CNA_ADH4,float64,1628,141,0.0866093366093366,1487,5,0.7027572293207801,False,False
CNA_ADH6,float64,1628,141,0.0866093366093366,1487,5,0.7027572293207801,False,False
CNA_AGXT2,float64,1628,141,0.0866093366093366,1487,5,0.7020847343644923,False,False
CNA_CXCL14,float64,1628,141,0.0866093366093366,1487,5,0.7020847343644923,False,False
CNA_ITIH6,float64,1628,141,0.0866093366093366,1487,5,0.7020847343644923,False,False
CNA_F9,float64,1628,141,0.0866093366093366,1487,5,0.7014122394082044,False,False
CNA_LECT2,float64,1628,141,0.0866093366093366,1487,5,0.7014122394082044,False,False
CNA_SLC45A2,float64,1628,141,0.0866093366093366,1487,5,0.7014122394082044,False,False
CNA_XAGE1D,float64,1628,141,0.0866093366093366,1487,5,0.7014122394082044,False,False
CNA_MTTP,float64,1628,141,0.0866093366093366,1487,5,0.7014122394082044,False,False
CNA_CDO1,float64,1628,141,0.0866093366093366,1487,5,0.7014122394082044,False,False
CNA_ADH1A,float64,1628,141,0.0866093366093366,1487,5,0.7007397444519166,False,False
CNA_XIST,float64,1628,141,0.0866093366093366,1487,5,0.7007397444519166,False,False
CNA_ETNPPL,float64,1628,141,0.0866093366093366,1487,5,0.7007397444519166,False,False
CNA_TSIX,float64,1628,141,0.0866093366093366,1487,5,0.7007397444519166,False,False
CNA_CDHR5,float64,1628,141,0.0866093366093366,1487,5,0.7000672494956288,False,False
CNA_RGN,float64,1628,141,0.0866093366093366,1487,5,0.7000672494956288,False,False
CNA_UGT3A1,float64,1628,141,0.0866093366093366,1487,5,0.7000672494956288,False,False
CNA_ADH1C,float64,1628,141,0.0866093366093366,1487,5,0.699394754539341,False,False
CNA_GRIK3,float64,1628,141,0.0866093366093366,1487,5,0.699394754539341,False,False
CNA_PKP3,float64,1628,141,0.0866093366093366,1487,5,0.699394754539341,False,False
CNA_SFRP2,float64,1628,141,0.0866093366093366,1487,5,0.6987222595830531,False,False
CNA_ADH1B,float64,1628,141,0.0866093366093366,1487,5,0.6980497646267653,False,False
CNA_MAGEC1,float64,1628,141,0.0866093366093366,1487,5,0.6973772696704774,False,False
CNA_MSLN,float64,1628,141,0.0866093366093366,1487,5,0.6967047747141897,False,False
CNA_AQP9,float64,1628,141,0.0866093366093366,1487,5,0.6967047747141897,False,False
CNA_LEAP2,float64,1628,141,0.0866093366093366,1487,5,0.6960322797579018,False,False
CNA_FGA,float64,1628,141,0.0866093366093366,1487,5,0.695359784801614,False,False
CNA_FGB,float64,1628,141,0.0866093366093366,1487,5,0.695359784801614,False,False
CNA_FGG,float64,1628,141,0.0866093366093366,1487,5,0.695359784801614,False,False
CNA_OTC,float64,1628,141,0.0866093366093366,1487,5,0.695359784801614,False,False
CNA_OLIG1,float64,1628,141,0.0866093366093366,1487,4,0.695359784801614,False,False
CNA_OLIG2,float64,1628,141,0.0866093366093366,1487,4,0.695359784801614,False,False
CNA_LIPC,float64,1628,141,0.0866093366093366,1487,5,0.695359784801614,False,False
CNA_MAGEC2,float64,1628,141,0.0866093366093366,1487,5,0.6946872898453261,False,False
CNA_TRPM1,float64,1628,141,0.0866093366093366,1487,5,0.6933422999327505,False,False
CNA_SPINK1,float64,1628,141,0.0866093366093366,1487,5,0.6926698049764627,False,False
CNA_MMP7,float64,1628,141,0.0866093366093366,1487,5,0.691324815063887,False,False
CNA_HAO2,float64,1628,141,0.0866093366093366,1487,5,0.6906523201075991,False,False
CNA_SCG3,float64,1628,141,0.0866093366093366,1487,5,0.6899798251513114,False,False
CNA_SLC6A17,float64,1628,141,0.0866093366093366,1487,5,0.6886348352387357,False,False
CNA_GPM6B,float64,1628,141,0.0866093366093366,1487,5,0.6879623402824478,False,False
CNA_GSTM1,float64,1628,141,0.0866093366093366,1487,5,0.6879623402824478,False,False
CNA_GPR143,float64,1628,141,0.0866093366093366,1487,5,0.6879623402824478,False,False
CNA_EPS8L3,float64,1628,141,0.0866093366093366,1487,5,0.6872898453261601,False,False
CNA_TFF1,float64,1628,141,0.0866093366093366,1487,5,0.6872898453261601,False,False
CNA_TFF2,float64,1628,141,0.0866093366093366,1487,5,0.6872898453261601,False,False
CNA_CYP1A2,float64,1628,141,0.0866093366093366,1487,5,0.6872898453261601,False,False
CNA_REG4,float64,1628,141,0.0866093366093366,1487,5,0.6866173503698723,False,False
CNA_HMGCS2,float64,1628,141,0.0866093366093366,1487,5,0.6859448554135844,False,False
CNA_MAGEA6,float64,1628,141,0.0866093366093366,1487,5,0.6859448554135844,False,False
CNA_MAGEA3,float64,1628,141,0.0866093366093366,1487,5,0.6859448554135844,False,False
CNA_SLC27A2,float64,1628,141,0.0866093366093366,1487,5,0.6859448554135844,False,False
CNA_COL11A1,float64,1628,141,0.0866093366093366,1487,5,0.6859448554135844,False,False
CNA_MAGEA2,float64,1628,141,0.0866093366093366,1487,5,0.6859448554135844,False,False
CNA_MAGEA12,float64,1628,141,0.0866093366093366,1487,5,0.6859448554135844,False,False
CNA_GBP7,float64,1628,141,0.0866093366093366,1487,4,0.6859448554135844,False,False
CNA_SCRG1,float64,1628,141,0.0866093366093366,1487,5,0.683927370544721,False,False
CNA_SLC24A5,float64,1628,141,0.0866093366093366,1487,5,0.6832548755884331,False,False
CNA_DUOX2,float64,1628,141,0.0866093366093366,1487,5,0.6812373907195696,False,False
CNA_S100B,float64,1628,141,0.0866093366093366,1487,5,0.679892400806994,False,False
CNA_ADCY2,float64,1628,141,0.0866093366093366,1487,5,0.679892400806994,False,False
CNA_FTCD,float64,1628,141,0.0866093366093366,1487,5,0.6792199058507061,False,False
CNA_CDHR2,float64,1628,141,0.0866093366093366,1487,5,0.6792199058507061,False,False
CNA_AQP4,float64,1628,141,0.0866093366093366,1487,5,0.6785474108944183,False,False
CNA_CTNND2,float64,1628,141,0.0866093366093366,1487,5,0.6751849361129791,False,False
CNA_CES1,float64,1628,141,0.0866093366093366,1487,5,0.6745124411566913,False,False
CNA_MT3,float64,1628,141,0.0866093366093366,1487,5,0.6745124411566913,False,False
CNA_GPM6A,float64,1628,141,0.0866093366093366,1487,5,0.6745124411566913,False,False
CNA_CES1P1,float64,1628,141,0.0866093366093366,1487,5,0.6745124411566913,False,False
CNA_HEPACAM,float64,1628,141,0.0866093366093366,1487,5,0.6738399462004036,False,False
CNA_HEPN1,float64,1628,141,0.0866093366093366,1487,5,0.6738399462004036,False,False
CNA_TMEM45B,float64,1628,141,0.0866093366093366,1487,5,0.67182246133154,False,False
CNA_TMPRSS4,float64,1628,141,0.0866093366093366,1487,5,0.67182246133154,False,False
CNA_TRIM29,float64,1628,141,0.0866093366093366,1487,5,0.6711499663752521,False,False
CNA_APOC3,float64,1628,141,0.0866093366093366,1487,5,0.6704774714189644,False,False
CNA_APOA1,float64,1628,141,0.0866093366093366,1487,5,0.6704774714189644,False,False
CNA_APOA5,float64,1628,141,0.0866093366093366,1487,5,0.6704774714189644,False,False
CNA_SALL1,float64,1628,141,0.0866093366093366,1487,5,0.6704774714189644,False,False
CNA_F11,float64,1628,141,0.0866093366093366,1487,5,0.6698049764626766,False,False
CNA_APOA4,float64,1628,141,0.0866093366093366,1487,5,0.6691324815063887,False,False
CNA_KLKB1,float64,1628,141,0.0866093366093366,1487,5,0.6691324815063887,False,False
CNA_TAT,float64,1628,141,0.0866093366093366,1487,4,0.6684599865501009,False,False
CNA_CDH3,float64,1628,141,0.0866093366093366,1487,4,0.667787491593813,False,False
CNA_CACNG4,float64,1628,141,0.0866093366093366,1487,4,0.6671149966375253,False,False
CNA_TRIM63,float64,1628,141,0.0866093366093366,1487,5,0.6650975117686617,False,False
CNA_EXTL1,float64,1628,141,0.0866093366093366,1487,5,0.6650975117686617,False,False
CNA_NR0B2,float64,1628,141,0.0866093366093366,1487,5,0.6630800268997983,False,False
CNA_APOH,float64,1628,141,0.0866093366093366,1487,4,0.6624075319435104,False,False
CNA_TTR,float64,1628,141,0.0866093366093366,1487,5,0.6624075319435104,False,False
CNA_SFN,float64,1628,141,0.0866093366093366,1487,5,0.6624075319435104,False,False
CNA_HP,float64,1628,141,0.0866093366093366,1487,5,0.6610625420309347,False,False
CNA_HPR,float64,1628,141,0.0866093366093366,1487,5,0.6610625420309347,False,False
CNA_CELA3A,float64,1628,141,0.0866093366093366,1487,5,0.6583725622057834,False,False
CNA_PLA2G2A,float64,1628,141,0.0866093366093366,1487,5,0.6577000672494956,False,False
CNA_CTRB2,float64,1628,141,0.0866093366093366,1487,5,0.65635507733692,False,False
CNA_CTRB1,float64,1628,141,0.0866093366093366,1487,5,0.6556825823806322,False,False
CNA_FOXA1,float64,1628,141,0.0866093366093366,1487,5,0.6543375924680565,False,False
CNA_HSD17B2,float64,1628,141,0.0866093366093366,1487,5,0.652320107599193,False,False
CNA_ENPP7,float64,1628,141,0.0866093366093366,1487,4,0.6503026227303296,False,False
CNA_EVPL,float64,1628,141,0.0866093366093366,1487,5,0.6496301277740417,False,False
CNA_GSTA2,float64,1628,141,0.0866093366093366,1487,5,0.6476126429051782,False,False
CNA_GSTA1,float64,1628,141,0.0866093366093366,1487,5,0.6469401479488904,False,False
CNA_GCGR,float64,1628,141,0.0866093366093366,1487,5,0.6435776731674513,False,False
CNA_SERPINB5,float64,1628,141,0.0866093366093366,1487,4,0.6408876933422999,False,False
CNA_APOC4,float64,1628,141,0.0866093366093366,1487,4,0.6402151983860122,False,False
CNA_APOC2,float64,1628,141,0.0866093366093366,1487,4,0.6402151983860122,False,False
CNA_MIA,float64,1628,141,0.0866093366093366,1487,4,0.6381977135171486,False,False
CNA_C19orf33,float64,1628,141,0.0866093366093366,1487,5,0.6381977135171486,False,False
CNA_PRODH2,float64,1628,141,0.0866093366093366,1487,5,0.6375252185608608,False,False
CNA_GDA,float64,1628,141,0.0866093366093366,1487,5,0.6375252185608608,False,False
CNA_GAPDHS,float64,1628,141,0.0866093366093366,1487,4,0.6375252185608608,False,False
CNA_LGALS4,float64,1628,141,0.0866093366093366,1487,4,0.636852723604573,False,False
CNA_CYP2A6,float64,1628,141,0.0866093366093366,1487,4,0.636852723604573,False,False
CNA_CEACAM6,float64,1628,141,0.0866093366093366,1487,4,0.636852723604573,False,False
CNA_SLC10A1,float64,1628,141,0.0866093366093366,1487,4,0.636852723604573,False,False
CNA_MASP2,float64,1628,141,0.0866093366093366,1487,5,0.636852723604573,False,False
CNA_CEACAM5,float64,1628,141,0.0866093366093366,1487,5,0.6361802286482852,False,False
CNA_CBLC,float64,1628,141,0.0866093366093366,1487,4,0.6361802286482852,False,False
CNA_DLL3,float64,1628,141,0.0866093366093366,1487,4,0.6361802286482852,False,False
CNA_CDH19,float64,1628,141,0.0866093366093366,1487,5,0.6361802286482852,False,False
CNA_SMOC1,float64,1628,141,0.0866093366093366,1487,4,0.6348352387357095,False,False
CNA_GPX2,float64,1628,141,0.0866093366093366,1487,5,0.6341627437794216,False,False
CNA_PGC,float64,1628,141,0.0866093366093366,1487,4,0.6341627437794216,False,False
CNA_SERPINA4,float64,1628,141,0.0866093366093366,1487,5,0.6334902488231339,False,False
CNA_CHGA,float64,1628,141,0.0866093366093366,1487,5,0.6334902488231339,False,False
CNA_ALDOB,float64,1628,141,0.0866093366093366,1487,5,0.632817753866846,False,False
CNA_SERPINA6,float64,1628,141,0.0866093366093366,1487,5,0.632817753866846,False,False
CNA_SERPINA11,float64,1628,141,0.0866093366093366,1487,5,0.632817753866846,False,False
CNA_SERPINA5,float64,1628,141,0.0866093366093366,1487,5,0.632817753866846,False,False
CNA_SERPINA3,float64,1628,141,0.0866093366093366,1487,5,0.632817753866846,False,False
CNA_BAAT,float64,1628,141,0.0866093366093366,1487,5,0.6321452589105582,False,False
CNA_AMBP,float64,1628,141,0.0866093366093366,1487,5,0.6314727639542703,False,False
CNA_SERPINA10,float64,1628,141,0.0866093366093366,1487,5,0.6314727639542703,False,False
CNA_DPCR1,float64,1628,141,0.0866093366093366,1487,4,0.6314727639542703,False,False
CNA_ORM1,float64,1628,141,0.0866093366093366,1487,5,0.6308002689979825,False,False
CNA_ORM2,float64,1628,141,0.0866093366093366,1487,5,0.6308002689979825,False,False
CNA_HPN,float64,1628,141,0.0866093366093366,1487,5,0.6308002689979825,False,False
CNA_FXYD3,float64,1628,141,0.0866093366093366,1487,4,0.6308002689979825,False,False
CNA_FOXA3,float64,1628,141,0.0866093366093366,1487,5,0.6301277740416947,False,False
CNA_SLC25A47,float64,1628,141,0.0866093366093366,1487,5,0.6301277740416947,False,False
CNA_TRIM15,float64,1628,141,0.0866093366093366,1487,4,0.6301277740416947,False,False
CNA_DLK1,float64,1628,141,0.0866093366093366,1487,5,0.6301277740416947,False,False
CNA_SLC22A7,float64,1628,141,0.0866093366093366,1487,4,0.6294552790854069,False,False
CNA_SERPINA1,float64,1628,141,0.0866093366093366,1487,5,0.6294552790854069,False,False
CNA_NCAN,float64,1628,141,0.0866093366093366,1487,4,0.6294552790854069,False,False
CNA_KIF12,float64,1628,141,0.0866093366093366,1487,5,0.628782784129119,False,False
CNA_AMN,float64,1628,141,0.0866093366093366,1487,5,0.628782784129119,False,False
CNA_ADAM6,float64,1628,141,0.0866093366093366,1487,5,0.628782784129119,False,False
CNA_B3GNT3,float64,1628,141,0.0866093366093366,1487,5,0.6281102891728312,False,False
CNA_CFB,float64,1628,141,0.0866093366093366,1487,4,0.6274377942165433,False,False
CNA_CYP4F11,float64,1628,141,0.0866093366093366,1487,4,0.6267652992602556,False,False
CNA_GDF1,float64,1628,141,0.0866093366093366,1487,4,0.6267652992602556,False,False
CNA_LCN2,float64,1628,141,0.0866093366093366,1487,5,0.6260928043039677,False,False
CNA_PGLYRP2,float64,1628,141,0.0866093366093366,1487,4,0.6260928043039677,False,False
CNA_CYP4F3,float64,1628,141,0.0866093366093366,1487,4,0.6260928043039677,False,False
CNA_PAEP,float64,1628,141,0.0866093366093366,1487,5,0.6260928043039677,False,False
CNA_CYP4F12,float64,1628,141,0.0866093366093366,1487,4,0.6260928043039677,False,False
CNA_SULT2A1,float64,1628,141,0.0866093366093366,1487,5,0.624747814391392,False,False
CNA_CYP4F2,float64,1628,141,0.0866093366093366,1487,5,0.6240753194351042,False,False
CNA_GSTT1,float64,1628,141,0.0866093366093366,1487,5,0.6234028244788165,False,False
CNA_UPB1,float64,1628,141,0.0866093366093366,1487,5,0.6220578345662408,False,False
CNA_C8G,float64,1628,141,0.0866093366093366,1487,5,0.6213853396099529,False,False
CNA_FGF21,float64,1628,141,0.0866093366093366,1487,5,0.6213853396099529,False,False
CNA_TTYH1,float64,1628,141,0.0866093366093366,1487,5,0.620712844653665,False,False
CNA_ASPDH,float64,1628,141,0.0866093366093366,1487,5,0.6200403496973773,False,False
CNA_KLK6,float64,1628,141,0.0866093366093366,1487,5,0.6200403496973773,False,False
CNA_KLK10,float64,1628,141,0.0866093366093366,1487,5,0.6186953597848016,False,False
CNA_SERPIND1,float64,1628,141,0.0866093366093366,1487,5,0.6173503698722259,False,False
CNA_SCGN,float64,1628,141,0.0866093366093366,1487,4,0.6166778749159382,False,False
CNA_SLC17A4,float64,1628,141,0.0866093366093366,1487,4,0.6160053799596503,False,False
CNA_SLC17A2,float64,1628,141,0.0866093366093366,1487,4,0.6153328850033625,False,False
CNA_CYP7A1,float64,1628,141,0.0866093366093366,1487,5,0.6153328850033625,False,False
CNA_AP1M2,float64,1628,141,0.0866093366093366,1487,5,0.6106254203093476,False,False
CNA_C3P1,float64,1628,141,0.0866093366093366,1487,5,0.6099529253530599,False,False
CNA_TMPRSS6,float64,1628,141,0.0866093366093366,1487,5,0.6072629455279085,False,False
CNA_HULC,float64,1628,141,0.0866093366093366,1487,5,0.6065904505716208,False,False
CNA_LINC00518,float64,1628,141,0.0866093366093366,1487,4,0.6065904505716208,False,False
CNA_TFAP2A,float64,1628,141,0.0866093366093366,1487,4,0.6065904505716208,False,False
CNA_TRIM55,float64,1628,141,0.0866093366093366,1487,5,0.605245460659045,False,False
CNA_FUT6,float64,1628,141,0.0866093366093366,1487,5,0.605245460659045,False,False
CNA_SFRP1,float64,1628,141,0.0866093366093366,1487,5,0.6045729657027572,False,False
CNA_FOXA2,float64,1628,141,0.0866093366093366,1487,5,0.6032279757901816,False,False
CNA_F7,float64,1628,141,0.0866093366093366,1487,5,0.6018829858776059,False,False
CNA_F10,float64,1628,141,0.0866093366093366,1487,5,0.6018829858776059,False,False
CNA_LINC00261,float64,1628,141,0.0866093366093366,1487,5,0.6012104909213181,False,False
CNA_LRG1,float64,1628,141,0.0866093366093366,1487,5,0.6005379959650302,False,False
CNA_CST1,float64,1628,141,0.0866093366093366,1487,5,0.5998655010087425,False,False
CNA_CREB3L3,float64,1628,141,0.0866093366093366,1487,5,0.5991930060524546,False,False
CNA_LBP,float64,1628,141,0.0866093366093366,1487,5,0.5985205110961668,False,False
CNA_HAO1,float64,1628,141,0.0866093366093366,1487,5,0.5985205110961668,False,False
CNA_PMP2,float64,1628,141,0.0866093366093366,1487,4,0.5985205110961668,False,False
CNA_SLC15A1,float64,1628,141,0.0866093366093366,1487,5,0.5985205110961668,False,False
CNA_TJP3,float64,1628,141,0.0866093366093366,1487,5,0.5985205110961668,False,False
CNA_PCSK2,float64,1628,141,0.0866093366093366,1487,5,0.5965030262273033,False,False
CNA_CYP2D6,float64,1628,141,0.0866093366093366,1487,5,0.5944855413584398,False,False
CNA_SLPI,float64,1628,141,0.0866093366093366,1487,4,0.5944855413584398,False,False
CNA_CHGB,float64,1628,141,0.0866093366093366,1487,5,0.5924680564895763,False,False
CNA_CLDN10,float64,1628,141,0.0866093366093366,1487,5,0.5917955615332885,False,False
CNA_ESRP1,float64,1628,141,0.0866093366093366,1487,5,0.5911230665770006,False,False
CNA_DCT,float64,1628,141,0.0866093366093366,1487,5,0.5870880968392737,False,False
CNA_BMP7,float64,1628,141,0.0866093366093366,1487,4,0.5843981170141224,False,False
CNA_DMBT1,float64,1628,141,0.0866093366093366,1487,5,0.5837256220578345,False,False
CNA_PNLIP,float64,1628,141,0.0866093366093366,1487,5,0.5830531271015468,False,False
CNA_HABP2,float64,1628,141,0.0866093366093366,1487,5,0.5817081371889711,False,False
CNA_TM4SF5,float64,1628,141,0.0866093366093366,1487,5,0.5817081371889711,False,False
CNA_MISP,float64,1628,141,0.0866093366093366,1487,5,0.5817081371889711,False,False
CNA_GLTPD2,float64,1628,141,0.0866093366093366,1487,5,0.5817081371889711,False,False
CNA_DPYS,float64,1628,141,0.0866093366093366,1487,5,0.5810356422326832,False,False
CNA_BIRC7,float64,1628,141,0.0866093366093366,1487,4,0.5810356422326832,False,False
CNA_PCK1,float64,1628,141,0.0866093366093366,1487,5,0.5803631472763954,False,False
CNA_ABCC2,float64,1628,141,0.0866093366093366,1487,5,0.5803631472763954,False,False
CNA_FGFR2,float64,1628,141,0.0866093366093366,1487,5,0.5796906523201076,False,False
CNA_CYP2C18,float64,1628,141,0.0866093366093366,1487,5,0.5790181573638198,False,False
CNA_COL17A1,float64,1628,141,0.0866093366093366,1487,5,0.5790181573638198,False,False
CNA_CPN1,float64,1628,141,0.0866093366093366,1487,5,0.5783456624075319,False,False
CNA_CYP17A1,float64,1628,141,0.0866093366093366,1487,5,0.5776731674512441,False,False
CNA_SLC13A5,float64,1628,141,0.0866093366093366,1487,5,0.5770006724949562,False,False
CNA_CYP2C8,float64,1628,141,0.0866093366093366,1487,5,0.5763281775386685,False,False
CNA_MLC1,float64,1628,141,0.0866093366093366,1487,5,0.5756556825823806,False,False
CNA_CYP2C9,float64,1628,141,0.0866093366093366,1487,5,0.5749831876260928,False,False
CNA_ASGR2,float64,1628,141,0.0866093366093366,1487,5,0.5749831876260928,False,False
CNA_RBP4,float64,1628,141,0.0866093366093366,1487,5,0.574310692669805,False,False
CNA_ASGR1,float64,1628,141,0.0866093366093366,1487,5,0.574310692669805,False,False
CNA_CRTAC1,float64,1628,141,0.0866093366093366,1487,5,0.5736381977135171,False,False
CNA_MAL2,float64,1628,141,0.0866093366093366,1487,5,0.5716207128446537,False,False
CNA_PRAP1,float64,1628,141,0.0866093366093366,1487,5,0.5675857431069267,False,False
CNA_CYP2E1,float64,1628,141,0.0866093366093366,1487,5,0.5655682582380632,False,False
CNA_HFE2,float64,1628,141,0.0866093366093366,1487,5,0.5648957632817754,False,False
CNA_PDZK1,float64,1628,141,0.0866093366093366,1487,5,0.5648957632817754,False,False
CNA_POU3F2,float64,1628,141,0.0866093366093366,1487,5,0.5615332885003362,False,False
CNA_MAT1A,float64,1628,141,0.0866093366093366,1487,5,0.5601882985877606,False,False
CNA_CLU,float64,1628,141,0.0866093366093366,1487,5,0.5595158036314728,False,False
CNA_RORC,float64,1628,141,0.0866093366093366,1487,4,0.5581708137188971,False,False
CNA_DEFB1,float64,1628,141,0.0866093366093366,1487,5,0.5574983187626092,False,False
CNA_F5,float64,1628,141,0.0866093366093366,1487,4,0.5574983187626092,False,False
CNA_SERPINC1,float64,1628,141,0.0866093366093366,1487,4,0.5568258238063215,False,False
CNA_APCS,float64,1628,141,0.0866093366093366,1487,4,0.5568258238063215,False,False
CNA_CRP,float64,1628,141,0.0866093366093366,1487,4,0.5561533288500337,False,False
CNA_LAMC2,float64,1628,141,0.0866093366093366,1487,4,0.5561533288500337,False,False
CNA_FCRLA,float64,1628,141,0.0866093366093366,1487,4,0.5554808338937458,False,False
CNA_PLA2G12B,float64,1628,141,0.0866093366093366,1487,5,0.554808338937458,False,False
CNA_CPB2,float64,1628,141,0.0866093366093366,1487,4,0.5541358439811701,False,False
CNA_FMO3,float64,1628,141,0.0866093366093366,1487,5,0.5541358439811701,False,False
CNA_APOA2,float64,1628,141,0.0866093366093366,1487,5,0.5534633490248824,False,False
CNA_OLFM4,float64,1628,141,0.0866093366093366,1487,5,0.5534633490248824,False,False
CNA_PRG4,float64,1628,141,0.0866093366093366,1487,4,0.5527908540685945,False,False
CNA_S100A14,float64,1628,141,0.0866093366093366,1487,4,0.5527908540685945,False,False
CNA_ATP1A2,float64,1628,141,0.0866093366093366,1487,4,0.5527908540685945,False,False
CNA_FGL1,float64,1628,141,0.0866093366093366,1487,5,0.5521183591123067,False,False
CNA_RAB25,float64,1628,141,0.0866093366093366,1487,4,0.5514458641560188,False,False
CNA_F13B,float64,1628,141,0.0866093366093366,1487,5,0.550773369199731,False,False
CNA_CFHR1,float64,1628,141,0.0866093366093366,1487,5,0.5494283792871554,False,False
CNA_C4BPB,float64,1628,141,0.0866093366093366,1487,4,0.5494283792871554,False,False
CNA_CFHR5,float64,1628,141,0.0866093366093366,1487,5,0.5494283792871554,False,False
CNA_ELF3,float64,1628,141,0.0866093366093366,1487,4,0.5494283792871554,False,False
CNA_CFHR3,float64,1628,141,0.0866093366093366,1487,5,0.5494283792871554,False,False
CNA_CFHR4,float64,1628,141,0.0866093366093366,1487,5,0.5494283792871554,False,False
CNA_C4BPA,float64,1628,141,0.0866093366093366,1487,4,0.5487558843308675,False,False
CNA_CYP3A7,float64,1628,141,0.0866093366093366,1487,4,0.5487558843308675,False,False
CNA_MLXIPL,float64,1628,141,0.0866093366093366,1487,4,0.5487558843308675,False,False
CNA_PRSS1,float64,1628,141,0.0866093366093366,1487,5,0.5480833893745797,False,False
CNA_PIGR,float64,1628,141,0.0866093366093366,1487,4,0.5474108944182918,False,False
CNA_CTSE,float64,1628,141,0.0866093366093366,1487,4,0.5474108944182918,False,False
CNA_CYP3A5,float64,1628,141,0.0866093366093366,1487,4,0.5474108944182918,False,False
CNA_PON1,float64,1628,141,0.0866093366093366,1487,4,0.5467383994620041,False,False
CNA_FABP7,float64,1628,141,0.0866093366093366,1487,5,0.5467383994620041,False,False
CNA_LAD1,float64,1628,141,0.0866093366093366,1487,4,0.5467383994620041,False,False
CNA_SLC30A10,float64,1628,141,0.0866093366093366,1487,5,0.5467383994620041,False,False
CNA_PON3,float64,1628,141,0.0866093366093366,1487,4,0.5460659045057162,False,False
CNA_CLDN3,float64,1628,141,0.0866093366093366,1487,4,0.5460659045057162,False,False
CNA_AGT,float64,1628,141,0.0866093366093366,1487,5,0.5453934095494284,False,False
CNA_VGF,float64,1628,141,0.0866093366093366,1487,4,0.5453934095494284,False,False
CNA_CLDN4,float64,1628,141,0.0866093366093366,1487,4,0.5453934095494284,False,False
CNA_MOGAT3,float64,1628,141,0.0866093366093366,1487,4,0.5453934095494284,False,False
CNA_AKR1D1,float64,1628,141,0.0866093366093366,1487,4,0.5440484196368527,False,False
CNA_TFR2,float64,1628,141,0.0866093366093366,1487,4,0.5440484196368527,False,False
CNA_AGR2,float64,1628,141,0.0866093366093366,1487,4,0.543375924680565,False,False
CNA_PKLR,float64,1628,141,0.0866093366093366,1487,4,0.543375924680565,False,False
CNA_ABCB5,float64,1628,141,0.0866093366093366,1487,4,0.5420309347679892,False,False
CNA_ITGB8,float64,1628,141,0.0866093366093366,1487,4,0.5420309347679892,False,False
CNA_CPA1,float64,1628,141,0.0866093366093366,1487,4,0.5413584398117014,False,False
CNA_NPC1L1,float64,1628,141,0.0866093366093366,1487,4,0.5413584398117014,False,False
CNA_ARG1,float64,1628,141,0.0866093366093366,1487,5,0.539340954942838,False,False
CNA_DPP6,float64,1628,141,0.0866093366093366,1487,5,0.539340954942838,False,False
CNA_TMEM184A,float64,1628,141,0.0866093366093366,1487,4,0.539340954942838,False,False
CNA_IGFBP1,float64,1628,141,0.0866093366093366,1487,4,0.5386684599865501,False,False
CNA_PTPRZ1,float64,1628,141,0.0866093366093366,1487,4,0.5379959650302623,False,False
CNA_ALDH8A1,float64,1628,141,0.0866093366093366,1487,5,0.5379959650302623,False,False
CNA_CA9,float64,1628,141,0.0866093366093366,1487,5,0.5359784801613988,False,False
CNA_CFTR,float64,1628,141,0.0866093366093366,1487,4,0.535305985205111,False,False
CNA_CCL21,float64,1628,141,0.0866093366093366,1487,5,0.5339609952925353,False,False
CNA_SLC22A1,float64,1628,141,0.0866093366093366,1487,5,0.5326160053799597,False,False
CNA_DDC,float64,1628,141,0.0866093366093366,1487,4,0.5305985205110961,False,False
CNA_SLC22A3,float64,1628,141,0.0866093366093366,1487,5,0.5305985205110961,False,False
CNA_MBL2,float64,1628,141,0.0866093366093366,1487,5,0.5299260255548084,False,False
CNA_PLG,float64,1628,141,0.0866093366093366,1487,5,0.5292535305985205,False,False
CNA_A1CF,float64,1628,141,0.0866093366093366,1487,5,0.5292535305985205,False,False
CNA_GOLT1A,float64,1628,141,0.0866093366093366,1487,4,0.527236045729657,False,False
CNA_PRSS3,float64,1628,141,0.0866093366093366,1487,5,0.5252185608607935,False,False
CNA_ITIH2,float64,1628,141,0.0866093366093366,1487,5,0.49226630800269,False,False
CNA_AKR1C1,float64,1628,141,0.0866093366093366,1487,5,0.49159381304640215,False,False
CNA_AKR1C4,float64,1628,141,0.0866093366093366,1487,5,0.48890383322125086,False,False
CNA_MLANA,float64,1628,141,0.0866093366093366,1487,5,0.4714189643577673,False,False
CNA_TYRP1,float64,1628,141,0.0866093366093366,1487,5,0.4694014794889038,False,False
RACE,str,1628,50,0.030712530712530713,1578,4,0.8257287705956907,True,False
OS_STATUS,str,1628,2,0.0012285012285012285,1626,2,0.5824108241082411,True,False
HISTORY_NEOADJUVANT_TRTYN,str,1628,1,0.0006142506142506142,1627,3,0.9698832206515058,False,False
DAYS_TO_INITIAL_PATHOLOGIC_DIAGNOSIS,float64,1628,0,0.0,1628,1,1.0,False,False
INFORMED_CONSENT_VERIFIED,str,1628,0,0.0,1628,1,1.0,False,False
KARNOFSKY_PERFORMANCE_SCORE,float64,1628,0,0.0,1628,8,0.8826781326781327,False,False
ECOG_SCORE,float64,1628,0,0.0,1628,5,0.8581081081081081,False,False
YEAR_OF_INITIAL_PATHOLOGIC_DIAGNOSIS,float64,1628,0,0.0,1628,19,0.8046683046683046,False,False
BRESLOW_DEPTH,float64,1628,0,0.0,1628,125,0.7893120393120393,False,False
IS_FALLBACK,bool,1628,0,0.0,1628,2,0.7782555282555282,False,False
HEIGHT,float64,1628,0,0.0,1628,50,0.652948402948403,False,False
WEIGHT,float64,1628,0,0.0,1628,93,0.6363636363636364,False,False
SEX,str,1628,0,0.0,1628,2,0.6222358722358723,True,False
OS_EVENT,int64,1628,0,0.0,1628,2,0.5816953316953317,True,False
Status,str,1628,0,0.0,1628,2,0.5816953316953317,False,False
DFS_EVENT,int64,1628,0,0.0,1628,2,0.5552825552825553,True,False
ICD_O_3_HISTOLOGY,str,1628,0,0.0,1628,23,0.36609336609336607,False,False
CANCER_TYPE,str,1628,0,0.0,1628,4,0.36609336609336607,True,False
ICD_10,str,1628,0,0.0,1628,56,0.3617936117936118,False,False
ICD_O_3_SITE,str,1628,0,0.0,1628,52,0.3617936117936118,False,False
INITIAL_PATHOLOGIC_DX_YEAR,float64,1628,0,0.0,1628,32,0.29975429975429974,False,False
AGE_GROUP,str,1628,0,0.0,1628,5,0.27457002457002455,False,False
DFS_MONTHS,float64,1628,0,0.0,1628,842,0.20147420147420148,True,False
TISSUE_SOURCE_SITE,str,1628,0,0.0,1628,111,0.0952088452088452,False,False
FORM_COMPLETION_DATE,str,1628,0,0.0,1628,365,0.03194103194103194,False,False
AGE,float64,1628,0,0.0,1628,77,0.030712530712530713,True,False
OS_MONTHS,float64,1628,0,0.0,1628,1049,0.010442260442260442,True,False
OTHER_PATIENT_ID,str,1628,0,0.0,1628,1628,0.0006142506142506142,False,False
PATIENT_ID,str,1628,0,0.0,1628,1628,0.0006142506142506142,True,False
SAMPLE_ID,str,1628,0,0.0,1628,1628,0.0006142506142506142,True,False
