feature_name,group,coefficient,abs_coefficient,direction
cat__CANCER_TYPE_GBM,clinical,0.7719928722860876,0.7719928722860876,risk_increasing
cat__CANCER_TYPE_SKCM,clinical,-0.3215256639791682,0.3215256639791682,risk_decreasing
EXPR_PC01,expression,0.30442993123105166,0.30442993123105166,risk_increasing
num__AGE,clinical,0.2933962334472087,0.2933962334472087,risk_increasing
EXPR_PC02,expression,-0.20759115807334066,0.20759115807334066,risk_decreasing
EXPR_PC04,expression,-0.17136602080637148,0.17136602080637148,risk_decreasing
EXPR_PC08,expression,0.15243885839851457,0.15243885839851457,risk_increasing
cat__AGE_GROUP_>75,clinical,0.14950522586707743,0.14950522586707743,risk_increasing
cat__CANCER_TYPE_PAAD,clinical,-0.12031431906156836,0.12031431906156836,risk_decreasing
EXPR_PC33,expression,0.11928535787832088,0.11928535787832088,risk_increasing
cat__RACE_Unknown,clinical,0.11538956718775209,0.11538956718775209,risk_increasing
EXPR_PC38,expression,-0.1113360061051365,0.1113360061051365,risk_decreasing
EXPR_PC20,expression,0.10080004338970977,0.10080004338970977,risk_increasing
EXPR_PC26,expression,0.10067697639242988,0.10067697639242988,risk_increasing
EXPR_PC18,expression,0.0991084404746369,0.0991084404746369,risk_increasing
EXPR_PC32,expression,-0.09807973678322089,0.09807973678322089,risk_decreasing
cat__ETHNICITY_Unknown,clinical,0.08710497829986716,0.08710497829986716,risk_increasing
EXPR_PC30,expression,0.08134072368775272,0.08134072368775272,risk_increasing
EXPR_PC25,expression,-0.07381039430918009,0.07381039430918009,risk_decreasing
EXPR_PC10,expression,0.07279584440652634,0.07279584440652634,risk_increasing
EXPR_PC47,expression,0.07224213809624275,0.07224213809624275,risk_increasing
EXPR_PC11,expression,-0.06685325261493431,0.06685325261493431,risk_decreasing
EXPR_PC16,expression,-0.06596759190930776,0.06596759190930776,risk_decreasing
EXPR_PC19,expression,-0.0622155535709688,0.0622155535709688,risk_decreasing
EXPR_PC22,expression,-0.057158770233174214,0.057158770233174214,risk_decreasing
EXPR_PC23,expression,-0.05624150858306904,0.05624150858306904,risk_decreasing
cat__SEX_Female,clinical,-0.05449439871052806,0.05449439871052806,risk_decreasing
cat__SEX_Male,clinical,0.05449439871052736,0.05449439871052736,risk_increasing
EXPR_PC29,expression,-0.05158077788814769,0.05158077788814769,risk_decreasing
EXPR_PC44,expression,-0.05105133164030826,0.05105133164030826,risk_decreasing
EXPR_PC12,expression,0.04674198702172983,0.04674198702172983,risk_increasing
EXPR_PC35,expression,-0.045602484694245236,0.045602484694245236,risk_decreasing
EXPR_PC31,expression,0.04430775447963422,0.04430775447963422,risk_increasing
EXPR_PC17,expression,0.043384385919666084,0.043384385919666084,risk_increasing
EXPR_PC15,expression,-0.0424546391681309,0.0424546391681309,risk_decreasing
EXPR_PC46,expression,-0.03765548550425093,0.03765548550425093,risk_decreasing
EXPR_PC24,expression,-0.03683693496404577,0.03683693496404577,risk_decreasing
EXPR_PC42,expression,0.03659650295679623,0.03659650295679623,risk_increasing
EXPR_PC43,expression,-0.0359813542621971,0.0359813542621971,risk_decreasing
EXPR_PC06,expression,-0.03460368088950458,0.03460368088950458,risk_decreasing
EXPR_PC09,expression,0.03414759249258616,0.03414759249258616,risk_increasing
cat__AGE_GROUP_66-75,clinical,0.03315249807352515,0.03315249807352515,risk_increasing
EXPR_PC21,expression,0.03079865915037954,0.03079865915037954,risk_increasing
cat__RACE_WHITE,clinical,0.028986020117917722,0.028986020117917722,risk_increasing
EXPR_PC05,expression,0.02869806072172597,0.02869806072172597,risk_increasing
cat__RACE_AMERICAN INDIAN OR ALASKA NATIVE,clinical,-0.02647760989134715,0.02647760989134715,risk_decreasing
EXPR_PC39,expression,0.026326289834565166,0.026326289834565166,risk_increasing
EXPR_PC49,expression,0.02514105384405629,0.02514105384405629,risk_increasing
EXPR_PC13,expression,0.023035354875207366,0.023035354875207366,risk_increasing
EXPR_PC28,expression,-0.014981251123642417,0.014981251123642417,risk_decreasing
cat__AGE_GROUP_≤40,clinical,-0.013133567155885381,0.013133567155885381,risk_decreasing
EXPR_PC14,expression,0.012491349903125998,0.012491349903125998,risk_increasing
EXPR_PC45,expression,-0.009602022701068535,0.009602022701068535,risk_decreasing
EXPR_PC37,expression,0.009455150391691248,0.009455150391691248,risk_increasing
EXPR_PC34,expression,0.008236305684981673,0.008236305684981673,risk_increasing
cat__RACE_ASIAN,clinical,-0.005681133882135136,0.005681133882135136,risk_decreasing
cat__RACE_BLACK OR AFRICAN AMERICAN,clinical,-0.005653956939622579,0.005653956939622579,risk_decreasing
EXPR_PC41,expression,-0.0036741019738533187,0.0036741019738533187,risk_decreasing
cat__ETHNICITY_NOT HISPANIC OR LATINO,clinical,-0.0029825771662800745,0.0029825771662800745,risk_decreasing
EXPR_PC36,expression,-0.0026065595698054073,0.0026065595698054073,risk_decreasing
EXPR_PC40,expression,-0.0023544257453857066,0.0023544257453857066,risk_decreasing
cat__AGE_GROUP_56-65,clinical,-0.001266170540402234,0.001266170540402234,risk_decreasing
EXPR_PC48,expression,0.0007240029274064051,0.0007240029274064051,risk_increasing
EXPR_PC50,expression,-0.0004996556027957804,0.0004996556027957804,risk_decreasing
cat__CANCER_TYPE_LIHC,clinical,0.0004451460358878036,0.0004451460358878036,risk_increasing
EXPR_PC27,expression,0.0003394847193126543,0.0003394847193126543,risk_increasing
cat__AGE_GROUP_41-55,clinical,-0.00022170413215065194,0.00022170413215065194,risk_decreasing
EXPR_PC07,expression,0.00021829578046445407,0.00021829578046445407,risk_increasing
EXPR_PC03,expression,-0.00012761685939017192,0.00012761685939017192,risk_decreasing
cat__ETHNICITY_HISPANIC OR LATINO,clinical,5.090023003745396e-05,5.090023003745396e-05,risk_increasing
