pc_index,pc_name,pc_coefficient,gene_name,gene_loading,risk_weighted_loading,rank_within_pc
1,EXPR_PC01,0.30442993123105166,EXPR_CD24,0.1786247918861262,0.05437873311005432,1
1,EXPR_PC01,0.30442993123105166,EXPR_CXCL14,0.17343095993740035,0.05279757520707806,2
1,EXPR_PC01,0.30442993123105166,EXPR_GPRC5A,0.16719628631170194,0.05089955394395865,3
1,EXPR_PC01,0.30442993123105166,EXPR_PPP1R1B,0.1666232990348333,0.05072511946666526,4
1,EXPR_PC01,0.30442993123105166,EXPR_SYT13,0.16635126194665883,0.05064230323462001,5
1,EXPR_PC01,0.30442993123105166,EXPR_SERPINA3,0.16209381607109558,0.04934620927950236,6
1,EXPR_PC01,0.30442993123105166,EXPR_CA9,0.16204497604393603,0.04933134091339286,7
1,EXPR_PC01,0.30442993123105166,EXPR_ADAM6,0.1600320333078095,0.048718540894661815,8
1,EXPR_PC01,0.30442993123105166,EXPR_FGFR2,0.1583734506316413,0.04821361868461491,9
1,EXPR_PC01,0.30442993123105166,EXPR_CXCL5,0.15826034637210315,0.04817918636266178,10
2,EXPR_PC02,-0.20759115807334066,EXPR_HEPACAM,0.25547915433928164,-0.053035213512889215,1
2,EXPR_PC02,-0.20759115807334066,EXPR_AQP4,0.2482708196106723,-0.05153882695879692,2
2,EXPR_PC02,-0.20759115807334066,EXPR_ABCB5,-0.2258103507248037,0.04687623221190922,3
2,EXPR_PC02,-0.20759115807334066,EXPR_ESRP1,-0.2247714455475564,0.04666056468303607,4
2,EXPR_PC02,-0.20759115807334066,EXPR_TCN1,-0.2181784461808844,0.04529191630933182,5
2,EXPR_PC02,-0.20759115807334066,EXPR_FDCSP,-0.21269023624175437,0.044152612452318205,6
2,EXPR_PC02,-0.20759115807334066,EXPR_NEU4,0.2052794436116227,-0.04261419742798779,7
2,EXPR_PC02,-0.20759115807334066,EXPR_EDM1,-0.20509500332892136,0.042575909256106444,8
2,EXPR_PC02,-0.20759115807334066,EXPR_CTNND2,0.2009226257917661,-0.041709760571249185,9
2,EXPR_PC02,-0.20759115807334066,EXPR_CACNG4,0.195093653633178,-0.04049971749047063,10
3,EXPR_PC03,-0.00012761685939017192,EXPR_A1CF,0.3354438133162604,-4.280828595728428e-05,1
3,EXPR_PC03,-0.00012761685939017192,EXPR_FABP7,-0.29323485393935694,3.742171112347652e-05,2
3,EXPR_PC03,-0.00012761685939017192,EXPR_ADCY2,-0.23997490946077513,3.0624844277824976e-05,3
3,EXPR_PC03,-0.00012761685939017192,EXPR_AP1M2,0.21724051859105747,-2.772355271488301e-05,4
3,EXPR_PC03,-0.00012761685939017192,EXPR_BMP7,-0.2115204748799686,2.6993578700899345e-05,5
3,EXPR_PC03,-0.00012761685939017192,EXPR_PGC,0.20587344744409575,-2.6272922794643116e-05,6
3,EXPR_PC03,-0.00012761685939017192,EXPR_KRT23,0.19520144619232277,-2.4910995511483866e-05,7
3,EXPR_PC03,-0.00012761685939017192,EXPR_TTYH1,-0.19305744843875772,2.463738525163431e-05,8
3,EXPR_PC03,-0.00012761685939017192,EXPR_PCSK2,-0.18816071159854308,2.4012479074825962e-05,9
3,EXPR_PC03,-0.00012761685939017192,EXPR_HOMG2,0.183365539189046,-2.340053423169154e-05,10
4,EXPR_PC04,-0.17136602080637148,EXPR_ETNPPL,0.30862293819932085,-0.052887484848788316,1
4,EXPR_PC04,-0.17136602080637148,EXPR_ABCC2,0.30781050301129165,-0.05274826106345267,2
4,EXPR_PC04,-0.17136602080637148,EXPR_MAGEC1,0.27346848658123973,-0.04686320636136765,3
4,EXPR_PC04,-0.17136602080637148,EXPR_MAGEA12,0.27319012100347473,-0.04681550395997659,4
4,EXPR_PC04,-0.17136602080637148,EXPR_XAGE1D,0.26888965344015764,-0.04607854994604407,5
4,EXPR_PC04,-0.17136602080637148,EXPR_CELA3A,-0.2313353752687364,0.039643022731552034,6
4,EXPR_PC04,-0.17136602080637148,EXPR_AGR2,-0.19401000315743147,0.0332467222377206,7
4,EXPR_PC04,-0.17136602080637148,EXPR_SERPINA3,0.19384695593154322,-0.03321878148341661,8
4,EXPR_PC04,-0.17136602080637148,EXPR_NEU4,0.1869343607605899,-0.032034197555525,9
4,EXPR_PC04,-0.17136602080637148,EXPR_DDX3Y,0.15653013228120705,-0.026823945905325407,10
5,EXPR_PC05,0.02869806072172597,EXPR_XAGE1D,0.4599088573644044,0.013198492315103286,1
5,EXPR_PC05,0.02869806072172597,EXPR_MAGEC1,0.41551162291130284,0.011924377784891473,2
5,EXPR_PC05,0.02869806072172597,EXPR_MAGEA12,0.3839344243225731,0.011018173422370107,3
5,EXPR_PC05,0.02869806072172597,EXPR_CCL21,-0.21154174160619868,-0.006070837745794355,4
5,EXPR_PC05,0.02869806072172597,EXPR_DFNB18,0.16821184221157154,0.004827353661901068,5
5,EXPR_PC05,0.02869806072172597,EXPR_KRT14,-0.16642148944377888,-0.004775974009457644,6
5,EXPR_PC05,0.02869806072172597,EXPR_CA9,0.16277122551864587,0.004671218513683851,7
5,EXPR_PC05,0.02869806072172597,EXPR_CXCL14,-0.1592463318789539,-0.004570060901974345,8
5,EXPR_PC05,0.02869806072172597,EXPR_PGC,0.14266713481527207,0.004094270097923344,9
5,EXPR_PC05,0.02869806072172597,EXPR_DKFZp547D155,0.1384613506666445,0.0039735722490435565,10
6,EXPR_PC06,-0.03460368088950458,EXPR_DLK1,0.5409671594040433,-0.01871945495571927,1
6,EXPR_PC06,-0.03460368088950458,EXPR_KRT14,-0.29225995680540745,0.010113270282074711,2
6,EXPR_PC06,-0.03460368088950458,EXPR_HOMG2,0.22895998941401963,-0.00792285841014708,3
6,EXPR_PC06,-0.03460368088950458,EXPR_BEX1,0.21619962104583887,-0.007481302695102027,4
6,EXPR_PC06,-0.03460368088950458,EXPR_KLK6,-0.21490617916018717,0.007436544844841816,5
6,EXPR_PC06,-0.03460368088950458,EXPR_KIF1A,0.18130785356762386,-0.00627391910761508,6
6,EXPR_PC06,-0.03460368088950458,EXPR_CHGA,0.18030211388842765,-0.006239116812698262,7
6,EXPR_PC06,-0.03460368088950458,EXPR_PCSK2,0.17776551113479205,-0.006151341020468017,8
6,EXPR_PC06,-0.03460368088950458,EXPR_CXCL5,-0.17159192899335338,0.005937712354100529,9
6,EXPR_PC06,-0.03460368088950458,EXPR_CELA3A,0.16696953589340172,-0.005777760538323954,10
7,EXPR_PC07,0.00021829578046445407,EXPR_DDX3Y,0.37622830186537415,8.212905078851807e-05,1
7,EXPR_PC07,0.00021829578046445407,EXPR_DKFZp547D155,0.3667164713570282,8.005265832405308e-05,2
7,EXPR_PC07,0.00021829578046445407,EXPR_CST1,0.35144092172806857,7.671807029577584e-05,3
7,EXPR_PC07,0.00021829578046445407,EXPR_FGFR2,-0.23135155691843265,-5.0503068679175825e-05,4
7,EXPR_PC07,0.00021829578046445407,EXPR_PGC,0.21935569953407225,4.7884423629116586e-05,5
7,EXPR_PC07,0.00021829578046445407,EXPR_CTNND2,-0.18970185366101253,-4.141111420048438e-05,6
7,EXPR_PC07,0.00021829578046445407,EXPR_HEPACAM,0.1789102087003245,3.90553436412957e-05,7
7,EXPR_PC07,0.00021829578046445407,EXPR_HOMG2,-0.17702961740198597,-3.864481849609023e-05,8
7,EXPR_PC07,0.00021829578046445407,EXPR_CHGA,0.16637256072357295,3.631842799102213e-05,9
7,EXPR_PC07,0.00021829578046445407,EXPR_CA9,-0.16253338197144668,-3.548035146898418e-05,10
8,EXPR_PC08,0.15243885839851457,EXPR_PAEP,0.6183710666182006,0.0942637794619503,1
8,EXPR_PC08,0.15243885839851457,EXPR_FDCSP,-0.22558824634214317,-0.03438841474051919,2
8,EXPR_PC08,0.15243885839851457,EXPR_SFRP1,-0.21434528173742004,-0.03267455005116028,3
8,EXPR_PC08,0.15243885839851457,EXPR_DNER,0.2089140165216423,0.031846614182007564,4
8,EXPR_PC08,0.15243885839851457,EXPR_HEPACAM,-0.2056990892336112,-0.03135653433638587,5
8,EXPR_PC08,0.15243885839851457,EXPR_CA9,0.18009744686303775,0.02745384920028861,6
8,EXPR_PC08,0.15243885839851457,EXPR_CXCL14,-0.17827771083111088,-0.027176450716995038,7
8,EXPR_PC08,0.15243885839851457,EXPR_PLA2G2A,-0.16370402844036838,-0.024954855210687715,8
8,EXPR_PC08,0.15243885839851457,EXPR_ABCC2,0.16353209029706609,0.024928645156407556,9
8,EXPR_PC08,0.15243885839851457,EXPR_CCL21,-0.16058556404183152,-0.02447948005781835,10
9,EXPR_PC09,0.03414759249258616,EXPR_KRT14,0.4493252241070163,0.015343374649446342,1
9,EXPR_PC09,0.03414759249258616,EXPR_PAEP,-0.3075806486996325,-0.01050313865040035,2
9,EXPR_PC09,0.03414759249258616,EXPR_FDCSP,-0.30367132596096386,-0.010369644690598293,3
9,EXPR_PC09,0.03414759249258616,EXPR_CST1,-0.2659921258313177,-0.009082990719124537,4
9,EXPR_PC09,0.03414759249258616,EXPR_AP1M2,0.24912683048379064,0.008507081486330073,5
9,EXPR_PC09,0.03414759249258616,EXPR_PRSS3,0.24198271380026978,0.008263127101101718,6
9,EXPR_PC09,0.03414759249258616,EXPR_PCSK2,0.2202998605885134,0.007522709865550097,7
9,EXPR_PC09,0.03414759249258616,EXPR_PLA2G2A,-0.22001839467431858,-0.007513098482211619,8
9,EXPR_PC09,0.03414759249258616,EXPR_CXCL5,-0.20798965858577442,-0.007102346104059148,9
9,EXPR_PC09,0.03414759249258616,EXPR_DNER,-0.1514013795222856,-0.005169992610742387,10
10,EXPR_PC10,0.07279584440652634,EXPR_GSTM1,0.6784464886028012,0.04938808502248366,1
10,EXPR_PC10,0.07279584440652634,EXPR_DDX3Y,-0.45019617682180485,-0.032772410840333124,2
10,EXPR_PC10,0.07279584440652634,EXPR_DLK1,0.2294497765211307,0.01670299023074447,3
10,EXPR_PC10,0.07279584440652634,EXPR_CST1,0.17486045377432682,0.012729114385810487,4
10,EXPR_PC10,0.07279584440652634,EXPR_FDCSP,-0.16170634517226196,-0.011771549942708024,5
10,EXPR_PC10,0.07279584440652634,EXPR_KRT23,-0.13672521810655103,-0.009953027703732867,6
10,EXPR_PC10,0.07279584440652634,EXPR_ABCB5,-0.12489456407000045,-0.009091805253260688,7
10,EXPR_PC10,0.07279584440652634,EXPR_CTNND2,-0.11650859961892061,-0.008481341889881219,8
10,EXPR_PC10,0.07279584440652634,EXPR_GSTT1,0.11456801615787374,0.008340075478192972,9
10,EXPR_PC10,0.07279584440652634,EXPR_KLK6,0.10579527529564949,0.00770145639936772,10
11,EXPR_PC11,-0.06685325261493431,EXPR_DDX3Y,0.40790581563043987,-0.02726983053544262,1
11,EXPR_PC11,-0.06685325261493431,EXPR_CELA3A,0.3395478200871469,-0.0226998761911363,2
11,EXPR_PC11,-0.06685325261493431,EXPR_PGC,-0.31102832332865615,0.020793255069890118,3
11,EXPR_PC11,-0.06685325261493431,EXPR_KRT14,-0.2740340489546967,0.018320067499861613,4
11,EXPR_PC11,-0.06685325261493431,EXPR_GSTT1,0.25140874198821944,-0.016807492137741277,5
11,EXPR_PC11,-0.06685325261493431,EXPR_KRT23,-0.24691798625576009,0.01650727051032721,6
11,EXPR_PC11,-0.06685325261493431,EXPR_CACNG4,-0.21500502581651312,0.014373785304391826,7
11,EXPR_PC11,-0.06685325261493431,EXPR_GSTM1,0.1971184553198553,-0.01317800988856393,8
11,EXPR_PC11,-0.06685325261493431,EXPR_FDCSP,-0.18535017434801637,0.012391262027910056,9
11,EXPR_PC11,-0.06685325261493431,EXPR_HEPACAM,-0.1673089610372744,0.011185148236967108,10
12,EXPR_PC12,0.04674198702172983,EXPR_DLK1,0.40546246216931575,0.01895212114451678,1
12,EXPR_PC12,0.04674198702172983,EXPR_PAEP,0.27943939643242427,0.013061552641404392,2
12,EXPR_PC12,0.04674198702172983,EXPR_ABCB5,-0.26775423088744554,-0.012515364785154233,3
12,EXPR_PC12,0.04674198702172983,EXPR_KLK6,0.25823324383629953,0.012070334931975507,4
12,EXPR_PC12,0.04674198702172983,EXPR_GSTT1,-0.23605152534449694,-0.011033517334112007,5
12,EXPR_PC12,0.04674198702172983,EXPR_ESRP1,-0.230569935810178,-0.01077729694724042,6
12,EXPR_PC12,0.04674198702172983,EXPR_CA9,-0.2215723365907395,-0.010356731281298699,7
12,EXPR_PC12,0.04674198702172983,EXPR_DDX3Y,0.2197746159820713,0.010272702247939634,8
12,EXPR_PC12,0.04674198702172983,EXPR_CELA3A,0.1898982813453352,0.008876223002092459,9
12,EXPR_PC12,0.04674198702172983,EXPR_DFNB18,-0.1896810920940415,-0.008866071144927228,10
13,EXPR_PC13,0.023035354875207366,EXPR_DDX3Y,0.31965403315798335,0.007363344091085449,1
13,EXPR_PC13,0.023035354875207366,EXPR_FDCSP,-0.3127627132758979,-0.0072046000920430375,2
13,EXPR_PC13,0.023035354875207366,EXPR_PCSK2,-0.30165060907896823,-0.006948628828456482,3
13,EXPR_PC13,0.023035354875207366,EXPR_CHGA,-0.2767282154471246,-0.006374532646807356,4
13,EXPR_PC13,0.023035354875207366,EXPR_DLK1,0.27375623874648475,0.006306072108827269,5
13,EXPR_PC13,0.023035354875207366,EXPR_DKFZp547D155,-0.24097520138405626,-0.005550949280006297,6
13,EXPR_PC13,0.023035354875207366,EXPR_MUC5B,0.24076502558758137,0.005546107805948318,7
13,EXPR_PC13,0.023035354875207366,EXPR_PPP1R1B,0.21098340340527158,0.004860077570219465,8
13,EXPR_PC13,0.023035354875207366,EXPR_GSTM1,-0.20788627084920183,-0.00478873402269484,9
13,EXPR_PC13,0.023035354875207366,EXPR_PGC,0.1774297103861878,0.004087156344151102,10
14,EXPR_PC14,0.012491349903125998,EXPR_GSTT1,0.5130552839131416,0.006408753071006703,1
14,EXPR_PC14,0.012491349903125998,EXPR_GSTM1,-0.4549582931888829,-0.005683043231551322,2
14,EXPR_PC14,0.012491349903125998,EXPR_MUC5B,0.26577752837110225,0.0033199201032714353,3
14,EXPR_PC14,0.012491349903125998,EXPR_PGC,-0.2513240868448088,-0.003139377107862132,4
14,EXPR_PC14,0.012491349903125998,EXPR_DDX3Y,-0.2451805723782263,-0.0030626363190251337,5
14,EXPR_PC14,0.012491349903125998,EXPR_ABCB5,-0.18413062145682899,-0.0023000400204972907,6
14,EXPR_PC14,0.012491349903125998,EXPR_DKFZp547D155,0.16979308442580468,0.0021209448286937395,7
14,EXPR_PC14,0.012491349903125998,EXPR_CTNND2,-0.15795061990472448,-0.0019730164606455713,8
14,EXPR_PC14,0.012491349903125998,EXPR_CXCL5,-0.15050011580222386,-0.0018799496069465606,9
14,EXPR_PC14,0.012491349903125998,EXPR_CST1,0.13110501963870422,0.00163767867436326,10
15,EXPR_PC15,-0.0424546391681309,EXPR_CELA3A,0.3898802331068426,-0.016552224615337768,1
15,EXPR_PC15,-0.0424546391681309,EXPR_PGC,0.37100347457260036,-0.015750818643102574,2
15,EXPR_PC15,-0.0424546391681309,EXPR_SYT13,-0.2863759108800376,0.01215798596285681,3
15,EXPR_PC15,-0.0424546391681309,EXPR_DDX3Y,-0.23227904545522107,0.009861323061119287,4
15,EXPR_PC15,-0.0424546391681309,EXPR_DLK1,-0.23177609218336528,0.009839970361444218,5
15,EXPR_PC15,-0.0424546391681309,EXPR_PRSS3,0.21344270731473555,-0.009061633122116072,6
15,EXPR_PC15,-0.0424546391681309,EXPR_KRT23,-0.20241730740797817,0.008593553747390343,7
15,EXPR_PC15,-0.0424546391681309,EXPR_COL11A1,-0.18591382929575465,0.007892904539116747,8
15,EXPR_PC15,-0.0424546391681309,EXPR_EDM1,-0.18362747902794518,0.007795838363484937,9
15,EXPR_PC15,-0.0424546391681309,EXPR_ABCB5,0.17404030529262712,-0.007388818361909827,10
16,EXPR_PC16,-0.06596759190930776,EXPR_FDCSP,0.36019136298551124,-0.023760956842685546,1
16,EXPR_PC16,-0.06596759190930776,EXPR_COL11A1,-0.35988701613468405,0.023740879813831293,2
16,EXPR_PC16,-0.06596759190930776,EXPR_GSTM1,0.34051059240296794,-0.02246266380043562,3
16,EXPR_PC16,-0.06596759190930776,EXPR_GSTT1,0.3289425024968188,-0.02169954476633659,4
16,EXPR_PC16,-0.06596759190930776,EXPR_EDM1,-0.32008361141864605,0.021115145054922683,5
16,EXPR_PC16,-0.06596759190930776,EXPR_PLA2G2A,-0.2964553949801355,0.019556448515362222,6
16,EXPR_PC16,-0.06596759190930776,EXPR_DDX3Y,0.26825486258206704,-0.01769612730250123,7
16,EXPR_PC16,-0.06596759190930776,EXPR_ETNPPL,-0.14139654308024333,0.009327589451304345,8
16,EXPR_PC16,-0.06596759190930776,EXPR_ABCB5,-0.1364938831824569,0.009004172783897042,9
16,EXPR_PC16,-0.06596759190930776,EXPR_DFNB18,0.12274846808002028,-0.008097420849795468,10
17,EXPR_PC17,0.043384385919666084,EXPR_GSTT1,0.41033699154951236,0.017802218398498805,1
17,EXPR_PC17,0.043384385919666084,EXPR_MUC5B,-0.3332154717077793,-0.014456348618973873,2
17,EXPR_PC17,0.043384385919666084,EXPR_CLDN10,0.2967257295461327,0.012873263562923886,3
17,EXPR_PC17,0.043384385919666084,EXPR_CELA3A,0.24491024852838172,0.010625280737836645,4
17,EXPR_PC17,0.043384385919666084,EXPR_CST1,0.23065095715276776,0.010006650137856043,5
17,EXPR_PC17,0.043384385919666084,EXPR_AGR2,-0.21932609269113584,-0.009515327847564693,6
17,EXPR_PC17,0.043384385919666084,EXPR_EDM1,0.20487610565376788,0.008888424033401348,7
17,EXPR_PC17,0.043384385919666084,EXPR_PLA2G2A,-0.19747247023137773,-0.008567221857027863,8
17,EXPR_PC17,0.043384385919666084,EXPR_PAEP,0.17286835938702336,0.007499787616946152,9
17,EXPR_PC17,0.043384385919666084,EXPR_FDCSP,-0.17183265028264605,-0.007454854013461336,10
18,EXPR_PC18,0.0991084404746369,EXPR_CXCL5,0.3187520388310334,0.03159101746665463,1
18,EXPR_PC18,0.0991084404746369,EXPR_XAGE1D,-0.29228429222775903,-0.028967840377926234,2
18,EXPR_PC18,0.0991084404746369,EXPR_DLK1,0.28804698703850495,0.028547887668804176,3
18,EXPR_PC18,0.0991084404746369,EXPR_CCL21,-0.2672729027103174,-0.02648900056874891,4
18,EXPR_PC18,0.0991084404746369,EXPR_ADCY2,-0.24478596407164868,-0.0242603551492216,5
18,EXPR_PC18,0.0991084404746369,EXPR_GSTT1,0.2400996852061133,0.02379590535922914,6
18,EXPR_PC18,0.0991084404746369,EXPR_BMP7,-0.23531637661420088,-0.02332183910437577,7
18,EXPR_PC18,0.0991084404746369,EXPR_ABCB5,0.22564645456900942,0.02236346821096553,8
18,EXPR_PC18,0.0991084404746369,EXPR_MUC5B,-0.18726556823881085,-0.01855959842274524,9
18,EXPR_PC18,0.0991084404746369,EXPR_FABP7,0.17773853351576754,0.017615388868996704,10
19,EXPR_PC19,-0.0622155535709688,EXPR_PLA2G2A,0.438095187518972,-0.027256334608270223,1
19,EXPR_PC19,-0.0622155535709688,EXPR_PGC,0.30960332963104176,-0.01926214254041039,2
19,EXPR_PC19,-0.0622155535709688,EXPR_GSTT1,0.2944942205649742,-0.018322120955900856,3
19,EXPR_PC19,-0.0622155535709688,EXPR_MAGEC1,-0.29439115863681015,0.018315708900988038,4
19,EXPR_PC19,-0.0622155535709688,EXPR_CST1,-0.21146341803517665,0.013156313613067704,5
19,EXPR_PC19,-0.0622155535709688,EXPR_KLK6,-0.2097762026951274,0.013051342576693109,6
19,EXPR_PC19,-0.0622155535709688,EXPR_MAGEA12,0.19921078324734534,-0.012394009157039868,7
19,EXPR_PC19,-0.0622155535709688,EXPR_TCN1,-0.17308877979632273,0.010768814251951739,8
19,EXPR_PC19,-0.0622155535709688,EXPR_PAEP,0.1484929047462582,-0.009238568270149594,9
19,EXPR_PC19,-0.0622155535709688,EXPR_SERPINA3,-0.14633767413185986,0.009104479404401702,10
20,EXPR_PC20,0.10080004338970977,EXPR_CXCL5,0.43038600931817567,0.04338292841359614,1
20,EXPR_PC20,0.10080004338970977,EXPR_CACNG4,0.2728047938633739,0.02749873505834892,2
20,EXPR_PC20,0.10080004338970977,EXPR_SFRP1,-0.27004617315995794,-0.02722066597174884,3
20,EXPR_PC20,0.10080004338970977,EXPR_KIF1A,0.25698540138136067,0.025904139609763135,4
20,EXPR_PC20,0.10080004338970977,EXPR_HOMG2,-0.2564506297786388,-0.02585023460900519,5
20,EXPR_PC20,0.10080004338970977,EXPR_FABP7,-0.2506063866412361,-0.02526113464717498,6
20,EXPR_PC20,0.10080004338970977,EXPR_FDCSP,0.2261966432471894,0.022800631453923394,7
20,EXPR_PC20,0.10080004338970977,EXPR_CELA3A,-0.17618912088443925,-0.017759871029946295,8
20,EXPR_PC20,0.10080004338970977,EXPR_GSTT1,0.17618304351537045,0.017759258430880467,9
20,EXPR_PC20,0.10080004338970977,EXPR_DLK1,0.16915413950671998,0.017050744601826394,10
21,EXPR_PC21,0.03079865915037954,EXPR_MAGEC1,0.3115153711152309,0.009594255735081986,1
21,EXPR_PC21,0.03079865915037954,EXPR_BEX1,-0.2974007672154245,-0.00915954486052923,2
21,EXPR_PC21,0.03079865915037954,EXPR_CLDN10,0.2967068335574684,0.009138172634324863,3
21,EXPR_PC21,0.03079865915037954,EXPR_MUC5B,0.24309832666414943,0.007487102502956761,4
21,EXPR_PC21,0.03079865915037954,EXPR_FXYD3,-0.24260128348292417,-0.007471794239435184,5
21,EXPR_PC21,0.03079865915037954,EXPR_DFNB18,0.22206857242849073,0.0068394142702364585,6
21,EXPR_PC21,0.03079865915037954,EXPR_CST1,-0.19966571537373148,-0.0061494363118122525,7
21,EXPR_PC21,0.03079865915037954,EXPR_COL11A1,-0.19899050339921406,-0.006128640688354835,8
21,EXPR_PC21,0.03079865915037954,EXPR_KRT14,0.18667269418170818,0.005749268680785468,9
21,EXPR_PC21,0.03079865915037954,EXPR_XAGE1D,-0.18409409124379253,-0.005669851167816437,10
22,EXPR_PC22,-0.057158770233174214,EXPR_MAGEC1,0.4130282909087874,-0.023608189179856017,1
22,EXPR_PC22,-0.057158770233174214,EXPR_KRT14,-0.302580438184187,0.01729512574322312,2
22,EXPR_PC22,-0.057158770233174214,EXPR_XAGE1D,-0.29950071423758856,0.017119092509777892,3
22,EXPR_PC22,-0.057158770233174214,EXPR_FXYD3,0.2673811207905658,-0.015283176047956551,4
22,EXPR_PC22,-0.057158770233174214,EXPR_KRT23,0.23010226839049347,-0.013152362689064402,5
22,EXPR_PC22,-0.057158770233174214,EXPR_CELA3A,-0.22381506182709227,0.012792993693698448,6
22,EXPR_PC22,-0.057158770233174214,EXPR_AP1M2,0.2227364654117283,-0.012731342449018334,7
22,EXPR_PC22,-0.057158770233174214,EXPR_MUC5B,-0.20205572549875112,0.011549256788080435,8
22,EXPR_PC22,-0.057158770233174214,EXPR_CA9,-0.18509518264228392,0.010579813015917722,9
22,EXPR_PC22,-0.057158770233174214,EXPR_ABCB5,-0.1747431847745043,0.009988105548338998,10
23,EXPR_PC23,-0.05624150858306904,EXPR_SFRP1,0.4316693959803684,-0.02427773803907812,1
23,EXPR_PC23,-0.05624150858306904,EXPR_PGC,0.384406540479421,-0.021619603745761235,2
23,EXPR_PC23,-0.05624150858306904,EXPR_CST1,-0.34868743048906553,0.01961070711465907,3
23,EXPR_PC23,-0.05624150858306904,EXPR_BEX1,0.2604386480636031,-0.014647462460432031,4
23,EXPR_PC23,-0.05624150858306904,EXPR_MAGEA12,-0.19467563334328092,0.010948851303590535,5
23,EXPR_PC23,-0.05624150858306904,EXPR_PAEP,0.1935025291971558,-0.010882874156687405,6
23,EXPR_PC23,-0.05624150858306904,EXPR_CA9,-0.17408934305550763,0.009791047281677184,7
23,EXPR_PC23,-0.05624150858306904,EXPR_COL11A1,0.17074639206630174,-0.00960303467492498,8
23,EXPR_PC23,-0.05624150858306904,EXPR_CHGA,-0.16657581285497933,0.009368475008415022,9
23,EXPR_PC23,-0.05624150858306904,EXPR_FXYD3,-0.1591253688628637,0.008949450798684776,10
24,EXPR_PC24,-0.03683693496404577,EXPR_KRT23,0.33802952832166205,-0.012451971750712132,1
24,EXPR_PC24,-0.03683693496404577,EXPR_ABCB5,0.29375422721556355,-0.010821005363353238,2
24,EXPR_PC24,-0.03683693496404577,EXPR_CA9,-0.28150698568617477,0.010369854523646183,3
24,EXPR_PC24,-0.03683693496404577,EXPR_KRT14,-0.27666785684597794,0.010191595849277214,4
24,EXPR_PC24,-0.03683693496404577,EXPR_COL11A1,-0.25725249856428006,0.009476393558950661,5
24,EXPR_PC24,-0.03683693496404577,EXPR_MAGEC1,-0.24205467314868231,0.008916552252521366,6
24,EXPR_PC24,-0.03683693496404577,EXPR_NEU4,-0.2328185605811778,0.008576322174551596,7
24,EXPR_PC24,-0.03683693496404577,EXPR_XAGE1D,0.21821236094301413,-0.008038274548408693,8
24,EXPR_PC24,-0.03683693496404577,EXPR_HOMG2,-0.1971051700348034,0.007260750329649236,9
24,EXPR_PC24,-0.03683693496404577,EXPR_SFRP1,0.17502893247718487,-0.006447529402488417,10
25,EXPR_PC25,-0.07381039430918009,EXPR_KRT23,0.2689077725141147,-0.019848188722070104,1
25,EXPR_PC25,-0.07381039430918009,EXPR_NEU4,0.2636854833961816,-0.01946272950307892,2
25,EXPR_PC25,-0.07381039430918009,EXPR_COL11A1,0.2629544985671969,-0.019408775224617533,3
25,EXPR_PC25,-0.07381039430918009,EXPR_CCL21,-0.2494932607255844,0.018415195951638458,4
25,EXPR_PC25,-0.07381039430918009,EXPR_CA9,-0.2410393516880746,0.01779120959212592,5
25,EXPR_PC25,-0.07381039430918009,EXPR_CXCL14,-0.20790277508298996,0.01534538580684827,6
25,EXPR_PC25,-0.07381039430918009,EXPR_CTNND2,0.20751894203978352,-0.015317054938580309,7
25,EXPR_PC25,-0.07381039430918009,EXPR_HOMG2,0.20555404547622708,-0.015172025148447456,8
25,EXPR_PC25,-0.07381039430918009,EXPR_FDCSP,0.20335809531312826,-0.015009941201025823,9
25,EXPR_PC25,-0.07381039430918009,EXPR_MUC5B,0.19903495279858238,-0.014690848347372411,10
26,EXPR_PC26,0.10067697639242988,EXPR_CST1,0.3355185613604836,0.03377899428131144,1
26,EXPR_PC26,0.10067697639242988,EXPR_PLA2G2A,0.33310175598546754,0.03353567762362585,2
26,EXPR_PC26,0.10067697639242988,EXPR_HOMG2,0.30709427694529035,0.03091732327027132,3
26,EXPR_PC26,0.10067697639242988,EXPR_MAGEC1,0.24792453286640342,0.024960292342495104,4
26,EXPR_PC26,0.10067697639242988,EXPR_KRT14,0.20051556535194645,0.020187300839252645,5
26,EXPR_PC26,0.10067697639242988,EXPR_BEX1,0.19607587350058553,0.019740326087543517,6
26,EXPR_PC26,0.10067697639242988,EXPR_CTNND2,0.1766810171123845,0.017787710588814034,7
26,EXPR_PC26,0.10067697639242988,EXPR_XAGE1D,-0.1720572330636861,-0.01732220199129953,8
26,EXPR_PC26,0.10067697639242988,EXPR_NEU4,-0.16172454399971697,-0.016281938098335995,9
26,EXPR_PC26,0.10067697639242988,EXPR_KLK6,0.14937425684038644,0.015038548529556344,10
27,EXPR_PC27,0.0003394847193126543,EXPR_BEX1,0.3214798943038025,0.00010913751168238817,1
27,EXPR_PC27,0.0003394847193126543,EXPR_ADCY2,0.2930026193501161,9.946991198794666e-05,2
27,EXPR_PC27,0.0003394847193126543,EXPR_HEPACAM,0.27593386544701903,9.367533086013698e-05,3
27,EXPR_PC27,0.0003394847193126543,EXPR_MAGEA12,-0.25983968500587645,-8.821160253050848e-05,4
27,EXPR_PC27,0.0003394847193126543,EXPR_PRSS3,-0.2545398507158091,-8.641238977414137e-05,5
27,EXPR_PC27,0.0003394847193126543,EXPR_GPRC5A,0.2441849567767659,8.289706151173299e-05,6
27,EXPR_PC27,0.0003394847193126543,EXPR_FDCSP,-0.22427276145284392,-7.613717547129259e-05,7
27,EXPR_PC27,0.0003394847193126543,EXPR_HOMG2,0.20312491833523444,6.895780588644289e-05,8
27,EXPR_PC27,0.0003394847193126543,EXPR_AGR2,0.1932055283153397,6.559032454978618e-05,9
27,EXPR_PC27,0.0003394847193126543,EXPR_DFNB18,-0.1757646812261354,-5.9669423471132734e-05,10
28,EXPR_PC28,-0.014981251123642417,EXPR_NEU4,0.3403988916314867,-0.005099601277740843,1
28,EXPR_PC28,-0.014981251123642417,EXPR_KRT23,-0.32680065032168565,0.004895882609838826,2
28,EXPR_PC28,-0.014981251123642417,EXPR_BMP7,-0.2984747800699956,0.004471525634302545,3
28,EXPR_PC28,-0.014981251123642417,EXPR_CA9,-0.28719791221652796,0.004302584045101616,4
28,EXPR_PC28,-0.014981251123642417,EXPR_PRSS3,0.24807084989664324,-0.003716411698757016,5
28,EXPR_PC28,-0.014981251123642417,EXPR_DFNB18,0.23900913118903588,-0.003580655815186542,6
28,EXPR_PC28,-0.014981251123642417,EXPR_PCSK2,-0.2022605446625261,0.0030301160119939963,7
28,EXPR_PC28,-0.014981251123642417,EXPR_FXYD3,0.19895590228232937,-0.002980608334622438,8
28,EXPR_PC28,-0.014981251123642417,EXPR_FDCSP,0.17823144797489104,-0.0026701300802422514,9
28,EXPR_PC28,-0.014981251123642417,EXPR_ABCB5,0.17819291829863623,-0.002669552857486565,10
29,EXPR_PC29,-0.05158077788814769,EXPR_FABP7,0.28644030445250396,-0.014774813722178008,1
29,EXPR_PC29,-0.05158077788814769,EXPR_KLK6,-0.28404289768167545,0.014651153616024362,2
29,EXPR_PC29,-0.05158077788814769,EXPR_TTYH1,-0.2544154725712259,0.013122947982004533,3
29,EXPR_PC29,-0.05158077788814769,EXPR_CELA3A,-0.2543429916056983,0.013119209357420536,4
29,EXPR_PC29,-0.05158077788814769,EXPR_PGC,0.24895839599232963,-0.012841467727069872,5
29,EXPR_PC29,-0.05158077788814769,EXPR_CST1,0.24320496556617957,-0.012544701310163716,6
29,EXPR_PC29,-0.05158077788814769,EXPR_PCSK2,0.22831543965410692,-0.011776687981233276,7
29,EXPR_PC29,-0.05158077788814769,EXPR_MUC5B,0.21444573243762277,-0.011061277693926168,8
29,EXPR_PC29,-0.05158077788814769,EXPR_CACNG4,-0.20547642172754835,0.010598633670380036,9
29,EXPR_PC29,-0.05158077788814769,EXPR_TCN1,0.1985781213243094,-0.010242813969474848,10
30,EXPR_PC30,0.08134072368775272,EXPR_PRSS3,0.3995785602183787,0.0325020092582732,1
30,EXPR_PC30,0.08134072368775272,EXPR_PCSK2,0.36787337179069224,0.029923086286908623,2
30,EXPR_PC30,0.08134072368775272,EXPR_MAGEA12,-0.36264279075386513,-0.02949762704006567,3
30,EXPR_PC30,0.08134072368775272,EXPR_ETNPPL,-0.2667190623962225,-0.021695121556627613,4
30,EXPR_PC30,0.08134072368775272,EXPR_ADCY2,-0.22118457160514512,-0.017991313122928065,5
30,EXPR_PC30,0.08134072368775272,EXPR_ABCB5,0.2190855539418291,0.017820577507160564,6
30,EXPR_PC30,0.08134072368775272,EXPR_CA9,0.20261999878331663,0.01648125733464655,7
30,EXPR_PC30,0.08134072368775272,EXPR_KRT14,-0.19360485389686474,-0.015747958925432612,8
30,EXPR_PC30,0.08134072368775272,EXPR_MAGEC1,0.185454251683353,0.015084983042894566,9
30,EXPR_PC30,0.08134072368775272,EXPR_SYT13,-0.16125620940143556,-0.013116696771856562,10
31,EXPR_PC31,0.04430775447963422,EXPR_MAGEA12,0.3117786823357278,0.013814213308915298,1
31,EXPR_PC31,0.04430775447963422,EXPR_AP1M2,-0.30638089679041836,-0.013575049552240008,2
31,EXPR_PC31,0.04430775447963422,EXPR_PCSK2,0.29789939012276945,0.01319925303719244,3
31,EXPR_PC31,0.04430775447963422,EXPR_BEX1,0.2903275000895277,0.012863759592652775,4
31,EXPR_PC31,0.04430775447963422,EXPR_KRT23,0.25256976099414247,0.01119079895910836,5
31,EXPR_PC31,0.04430775447963422,EXPR_DFNB18,0.2369433595897627,0.01049842820228289,6
31,EXPR_PC31,0.04430775447963422,EXPR_CXCL5,0.20782498909009103,0.009208258591336414,7
31,EXPR_PC31,0.04430775447963422,EXPR_FXYD3,0.2022416139943154,0.008960871778425082,8
31,EXPR_PC31,0.04430775447963422,EXPR_NEU4,0.19340871883319902,0.008569506028281989,9
31,EXPR_PC31,0.04430775447963422,EXPR_XAGE1D,-0.17711474178731865,-0.007847556493836326,10
32,EXPR_PC32,-0.09807973678322089,EXPR_CA9,0.2955670548096565,-0.028989138937522932,1
32,EXPR_PC32,-0.09807973678322089,EXPR_NEU4,-0.29489201394121767,0.028922931106828535,2
32,EXPR_PC32,-0.09807973678322089,EXPR_PLA2G2A,0.2634231486234218,-0.025836473079592488,3
32,EXPR_PC32,-0.09807973678322089,EXPR_CXCL5,-0.2483171914647683,0.02435488477761314,4
32,EXPR_PC32,-0.09807973678322089,EXPR_FABP7,-0.23369454627070343,0.022920699585904827,5
32,EXPR_PC32,-0.09807973678322089,EXPR_KIF1A,0.20901456187949663,-0.020500093213001266,6
32,EXPR_PC32,-0.09807973678322089,EXPR_MAGEA12,-0.20826732902163642,0.020426804810986562,7
32,EXPR_PC32,-0.09807973678322089,EXPR_CHGA,-0.19921978973754986,0.0195394245394675,8
32,EXPR_PC32,-0.09807973678322089,EXPR_FDCSP,0.19915876520109035,-0.019533439268994233,9
32,EXPR_PC32,-0.09807973678322089,EXPR_CCL21,-0.19695175970791468,0.01931697675114444,10
33,EXPR_PC33,0.11928535787832088,EXPR_PPP1R1B,0.40499827828357204,0.048310364565159684,1
33,EXPR_PC33,0.11928535787832088,EXPR_CXCL5,0.27490697258395685,0.03279237660792304,2
33,EXPR_PC33,0.11928535787832088,EXPR_SFRP1,0.2669019173785704,0.0318374907329128,3
33,EXPR_PC33,0.11928535787832088,EXPR_CTNND2,0.23950328530555667,0.02856923510070692,4
33,EXPR_PC33,0.11928535787832088,EXPR_TCN1,-0.229787636850192,-0.027410300497688788,5
33,EXPR_PC33,0.11928535787832088,EXPR_CHGA,-0.22028860206282294,-0.02627720473357885,6
33,EXPR_PC33,0.11928535787832088,EXPR_SYT13,-0.21781790943876134,-0.025982487279710333,7
33,EXPR_PC33,0.11928535787832088,EXPR_FXYD3,0.2117378147204317,0.025257221005300295,8
33,EXPR_PC33,0.11928535787832088,EXPR_CA9,-0.18835845025231884,-0.022468405147753754,9
33,EXPR_PC33,0.11928535787832088,EXPR_PLA2G2A,-0.17345962092248096,-0.020691192959176017,10
34,EXPR_PC34,0.008236305684981673,EXPR_KLK6,0.4122411529039514,0.003395344151246214,1
34,EXPR_PC34,0.008236305684981673,EXPR_KIF1A,-0.2889955192404694,-0.0023802554380545084,2
34,EXPR_PC34,0.008236305684981673,EXPR_CACNG4,-0.2862571634066538,-0.0023577015023329507,3
34,EXPR_PC34,0.008236305684981673,EXPR_AP1M2,-0.21000087037833978,-0.0017296313625482194,4
34,EXPR_PC34,0.008236305684981673,EXPR_BEX1,-0.2097197011201126,-0.0017273155665882408,5
34,EXPR_PC34,0.008236305684981673,EXPR_PAEP,-0.20327235531445864,-0.0016742132556760902,6
34,EXPR_PC34,0.008236305684981673,EXPR_CCL21,0.19786106324666566,0.0016296442000550309,7
34,EXPR_PC34,0.008236305684981673,EXPR_FDCSP,-0.18942541690116027,-0.0015601656381030499,8
34,EXPR_PC34,0.008236305684981673,EXPR_ADCY2,0.18934921677877928,0.001559538030601887,9
34,EXPR_PC34,0.008236305684981673,EXPR_DFNB18,0.18902811087305244,0.0015568933042050678,10
35,EXPR_PC35,-0.045602484694245236,EXPR_PPP1R1B,0.3424540102784312,-0.01561675376220506,1
35,EXPR_PC35,-0.045602484694245236,EXPR_CACNG4,-0.3261887918254861,0.014875019386656075,2
35,EXPR_PC35,-0.045602484694245236,EXPR_BEX1,0.32545267992201055,-0.01484145085484458,3
35,EXPR_PC35,-0.045602484694245236,EXPR_SFRP1,-0.2892949257071377,0.013192567421682561,4
35,EXPR_PC35,-0.045602484694245236,EXPR_TTYH1,0.2815899892322555,-0.01284120317401661,5
35,EXPR_PC35,-0.045602484694245236,EXPR_FABP7,-0.26273238862763987,0.011981249731074438,6
35,EXPR_PC35,-0.045602484694245236,EXPR_DNER,-0.21258215370410707,0.009694274410561232,7
35,EXPR_PC35,-0.045602484694245236,EXPR_MUC5B,-0.17599808517595147,0.008025949985452797,8
35,EXPR_PC35,-0.045602484694245236,EXPR_PRSS3,-0.1698847915996165,0.0077471686087065535,9
35,EXPR_PC35,-0.045602484694245236,EXPR_TCN1,0.16191295102693418,-0.007383632871005844,10
36,EXPR_PC36,-0.0026065595698054073,EXPR_MUC5B,0.3548752669340451,-0.0009250035231141837,1
36,EXPR_PC36,-0.0026065595698054073,EXPR_NEU4,-0.32856643212377645,0.0008564279779690483,2
36,EXPR_PC36,-0.0026065595698054073,EXPR_EDM1,0.2556565977784992,-0.0006663841515234389,3
36,EXPR_PC36,-0.0026065595698054073,EXPR_SYT13,-0.2328200250349914,0.0006068592642972914,4
36,EXPR_PC36,-0.0026065595698054073,EXPR_CELA3A,-0.2168714145668828,0.0005652882610565442,5
36,EXPR_PC36,-0.0026065595698054073,EXPR_KLK6,0.20774892934422778,-0.0005415099598990243,6
36,EXPR_PC36,-0.0026065595698054073,EXPR_TTYH1,0.20377749957956207,-0.0005311581916401249,7
36,EXPR_PC36,-0.0026065595698054073,EXPR_CLDN10,0.19816916745627766,-0.0005165397398735308,8
36,EXPR_PC36,-0.0026065595698054073,EXPR_KRT14,-0.18287753712245902,0.0004766811944889892,9
36,EXPR_PC36,-0.0026065595698054073,EXPR_PPP1R1B,-0.1815291692967008,0.0004731665934291414,10
37,EXPR_PC37,0.009455150391691248,EXPR_HOMG2,0.3694404779523304,0.003493115279817579,1
37,EXPR_PC37,0.009455150391691248,EXPR_XAGE1D,0.31325503326354226,0.0029618734504610364,2
37,EXPR_PC37,0.009455150391691248,EXPR_DNER,-0.2765717025088807,-0.0026150270413075587,3
37,EXPR_PC37,0.009455150391691248,EXPR_CXCL5,0.26732357880066493,0.0025275846408054133,4
37,EXPR_PC37,0.009455150391691248,EXPR_MAGEA12,-0.261865934575039,-0.0024759817938677744,5
37,EXPR_PC37,0.009455150391691248,EXPR_FDCSP,-0.2136626279666669,-0.002020212280508812,6
37,EXPR_PC37,0.009455150391691248,EXPR_ABCB5,-0.21187596958906368,-0.002003319156849998,7
37,EXPR_PC37,0.009455150391691248,EXPR_BEX1,-0.2035177703349504,-0.0019242911258986355,8
37,EXPR_PC37,0.009455150391691248,EXPR_AGR2,-0.1869655499350683,-0.0017677873927013307,9
37,EXPR_PC37,0.009455150391691248,EXPR_KRT23,-0.18272723050562126,-0.0017277134450878818,10
38,EXPR_PC38,-0.1113360061051365,EXPR_HEPACAM,0.500095175396917,-0.05567859950114045,1
38,EXPR_PC38,-0.1113360061051365,EXPR_PRSS3,0.28838946259073034,-0.032108130967658584,2
38,EXPR_PC38,-0.1113360061051365,EXPR_PCSK2,-0.21473134372159247,0.02390733019555138,3
38,EXPR_PC38,-0.1113360061051365,EXPR_CACNG4,-0.20500894354988483,0.02282487699067756,4
38,EXPR_PC38,-0.1113360061051365,EXPR_CLDN10,-0.201260680726046,0.022407560378038986,5
38,EXPR_PC38,-0.1113360061051365,EXPR_AP1M2,0.19851188037629658,-0.022101519925517482,6
38,EXPR_PC38,-0.1113360061051365,EXPR_KIF1A,0.19823909898679143,-0.02207114953507017,7
38,EXPR_PC38,-0.1113360061051365,EXPR_MAGEA12,0.19522825792929008,-0.021735934516710603,8
38,EXPR_PC38,-0.1113360061051365,EXPR_FXYD3,-0.19179998879045293,0.02135424472293898,9
38,EXPR_PC38,-0.1113360061051365,EXPR_COL11A1,0.18790493973127906,-0.02092058551710699,10
39,EXPR_PC39,0.026326289834565166,EXPR_CACNG4,0.42663226360823375,0.01123164462452697,1
39,EXPR_PC39,0.026326289834565166,EXPR_NEU4,-0.3075102748549388,-0.008095604622937916,2
39,EXPR_PC39,0.026326289834565166,EXPR_COL11A1,0.2973692141500109,0.007828628119590064,3
39,EXPR_PC39,0.026326289834565166,EXPR_AP1M2,-0.2492892167510724,-0.00656286017282047,4
39,EXPR_PC39,0.026326289834565166,EXPR_PPP1R1B,0.24792658126769093,0.006526987036146107,5
39,EXPR_PC39,0.026326289834565166,EXPR_DNER,-0.24246841848610323,-0.006383293860793792,6
39,EXPR_PC39,0.026326289834565166,EXPR_ETNPPL,0.22896074954324983,0.006027687053214879,7
39,EXPR_PC39,0.026326289834565166,EXPR_CXCL5,-0.1955231446566333,-0.00514739897559614,8
39,EXPR_PC39,0.026326289834565166,EXPR_CST1,-0.1889052916733605,-0.004973175459875958,9
39,EXPR_PC39,0.026326289834565166,EXPR_CHGA,0.16598774034937144,0.0043698413614221,10
40,EXPR_PC40,-0.0023544257453857066,EXPR_CHGA,0.4022011848718012,-0.0009469528244868048,1
40,EXPR_PC40,-0.0023544257453857066,EXPR_CTNND2,0.3838601432451831,-0.0009037702038839043,2
40,EXPR_PC40,-0.0023544257453857066,EXPR_BMP7,-0.253583548347322,0.0005970436348351959,3
40,EXPR_PC40,-0.0023544257453857066,EXPR_KLK6,0.25185287276320373,-0.0005929688876830375,4
40,EXPR_PC40,-0.0023544257453857066,EXPR_TTYH1,-0.23948898630550003,0.0005638590350939942,5
40,EXPR_PC40,-0.0023544257453857066,EXPR_CACNG4,-0.2390061626200808,0.0005627222625785611,6
40,EXPR_PC40,-0.0023544257453857066,EXPR_KIF1A,0.20515376866840554,-0.00048301931471579754,7
40,EXPR_PC40,-0.0023544257453857066,EXPR_TCN1,-0.19413508641966137,0.0004570766455491298,8
40,EXPR_PC40,-0.0023544257453857066,EXPR_DNER,-0.1901607668380591,0.0004477194052058148,9
40,EXPR_PC40,-0.0023544257453857066,EXPR_PRSS3,-0.16053145163097535,0.0003779593826641086,10
41,EXPR_PC41,-0.0036741019738533187,EXPR_DFNB18,0.39788929191426925,-0.001461885832797316,1
41,EXPR_PC41,-0.0036741019738533187,EXPR_HOMG2,-0.3721040146302476,0.001367148094631737,2
41,EXPR_PC41,-0.0036741019738533187,EXPR_ETNPPL,-0.26096527831976035,0.0009588130441818122,3
41,EXPR_PC41,-0.0036741019738533187,EXPR_AQP4,-0.2513689307639924,0.0009235550846853827,4
41,EXPR_PC41,-0.0036741019738533187,EXPR_CTNND2,0.202976522701225,-0.0007457564427024537,5
41,EXPR_PC41,-0.0036741019738533187,EXPR_AGR2,-0.19907327422607834,0.0007314155097754775,6
41,EXPR_PC41,-0.0036741019738533187,EXPR_PLA2G2A,0.18119338740653027,-0.0006657229823195019,7
41,EXPR_PC41,-0.0036741019738533187,EXPR_ADCY2,0.17977034974244258,-0.0006604945968290097,8
41,EXPR_PC41,-0.0036741019738533187,EXPR_TCN1,0.17761189038780728,-0.000652564197053662,9
41,EXPR_PC41,-0.0036741019738533187,EXPR_PGC,-0.16740617445185252,0.0006150673559887843,10
42,EXPR_PC42,0.03659650295679623,EXPR_CCL21,0.30424035607518213,0.01113413309068214,1
42,EXPR_PC42,0.03659650295679623,EXPR_BMP7,-0.28191815874031195,-0.010317218729914375,2
42,EXPR_PC42,0.03659650295679623,EXPR_TTYH1,0.2381828382213184,0.008716658943224596,3
42,EXPR_PC42,0.03659650295679623,EXPR_DFNB18,-0.23069002710652722,-0.008442448259107426,4
42,EXPR_PC42,0.03659650295679623,EXPR_DNER,0.22955512408698203,0.008400914777396963,5
42,EXPR_PC42,0.03659650295679623,EXPR_HOMG2,-0.2292395912854267,-0.008389367380291878,6
42,EXPR_PC42,0.03659650295679623,EXPR_FABP7,-0.22890368195898153,-0.008377074273633411,7
42,EXPR_PC42,0.03659650295679623,EXPR_ABCC2,-0.22444545444939923,-0.008213918737396912,8
42,EXPR_PC42,0.03659650295679623,EXPR_FXYD3,0.22172075910124378,0.008114204416031773,9
42,EXPR_PC42,0.03659650295679623,EXPR_HEPACAM,0.21333374514274164,0.007807269034900758,10
43,EXPR_PC43,-0.0359813542621971,EXPR_CHGA,0.3911185665910784,-0.014072975703036318,1
43,EXPR_PC43,-0.0359813542621971,EXPR_AP1M2,-0.3795393341976123,0.013656339240202707,2
43,EXPR_PC43,-0.0359813542621971,EXPR_AGR2,0.28445965881927504,-0.010235243757280054,3
43,EXPR_PC43,-0.0359813542621971,EXPR_DNER,0.2737618113681356,-0.009850320718297664,4
43,EXPR_PC43,-0.0359813542621971,EXPR_CTNND2,-0.24797622325863716,0.008922520337670704,5
43,EXPR_PC43,-0.0359813542621971,EXPR_PCSK2,-0.22964580576741211,0.008262967092144961,6
43,EXPR_PC43,-0.0359813542621971,EXPR_KLK6,-0.19325248277341245,0.006953486044719295,7
43,EXPR_PC43,-0.0359813542621971,EXPR_SYT13,-0.1841090643600769,0.006624493467621573,8
43,EXPR_PC43,-0.0359813542621971,EXPR_ABCC2,0.1794505548633751,-0.006456873987086936,9
43,EXPR_PC43,-0.0359813542621971,EXPR_ETNPPL,-0.1591563695086899,0.005726661714377315,10
44,EXPR_PC44,-0.05105133164030826,EXPR_TCN1,0.48436100289924144,-0.024727274192641487,1
44,EXPR_PC44,-0.05105133164030826,EXPR_BMP7,-0.2751810721474904,0.014048360175337126,2
44,EXPR_PC44,-0.05105133164030826,EXPR_PCSK2,0.2489499000963784,-0.012709223911641825,3
44,EXPR_PC44,-0.05105133164030826,EXPR_CCL21,-0.20513345559170226,0.01047233607193444,4
44,EXPR_PC44,-0.05105133164030826,EXPR_DFNB18,-0.19884686318284286,0.010151397157982314,5
44,EXPR_PC44,-0.05105133164030826,EXPR_ETNPPL,-0.19254328894105682,0.009829591298845591,6
44,EXPR_PC44,-0.05105133164030826,EXPR_PPP1R1B,0.18823947393676632,-0.00960987581174302,7
44,EXPR_PC44,-0.05105133164030826,EXPR_NEU4,0.18702768284947255,-0.009548012263066816,8
44,EXPR_PC44,-0.05105133164030826,EXPR_FGFR2,0.18651917313524755,-0.009522052165003597,9
44,EXPR_PC44,-0.05105133164030826,EXPR_DKFZp547D155,-0.1747906486392932,0.008923295371309153,10
45,EXPR_PC45,-0.009602022701068535,EXPR_CXCL14,0.29036098485968975,-0.0027880527681273582,1
45,EXPR_PC45,-0.009602022701068535,EXPR_FGFR2,-0.279905801056307,0.0026876618559034332,2
45,EXPR_PC45,-0.009602022701068535,EXPR_PRSS3,0.2763925822871857,-0.0026539278495285104,3
45,EXPR_PC45,-0.009602022701068535,EXPR_ADCY2,0.26842947441098874,-0.0025774659069302095,4
45,EXPR_PC45,-0.009602022701068535,EXPR_TCN1,0.2635338207850994,-0.0025304577296778514,5
45,EXPR_PC45,-0.009602022701068535,EXPR_DKFZp547D155,0.25791510930208217,-0.0024765067344671653,6
45,EXPR_PC45,-0.009602022701068535,EXPR_PCSK2,-0.20842776407221608,0.0020013281221543757,7
45,EXPR_PC45,-0.009602022701068535,EXPR_HEPACAM,-0.20015970167129213,0.0019219379992868526,8
45,EXPR_PC45,-0.009602022701068535,EXPR_EDM1,0.19903414927180108,-0.0019111304195956974,9
45,EXPR_PC45,-0.009602022701068535,EXPR_GPRC5A,-0.194244600387618,0.001865141062481894,10
46,EXPR_PC46,-0.03765548550425093,EXPR_AGR2,0.38046654189941004,-0.014326652353345713,1
46,EXPR_PC46,-0.03765548550425093,EXPR_EDM1,0.3782750713900086,-0.014244131467345954,2
46,EXPR_PC46,-0.03765548550425093,EXPR_TCN1,0.2785128373371128,-0.010487536109095448,3
46,EXPR_PC46,-0.03765548550425093,EXPR_ADCY2,-0.2765307510644035,0.010412899688185267,4
46,EXPR_PC46,-0.03765548550425093,EXPR_MUC5B,-0.23214402918652502,0.008741496125931596,5
46,EXPR_PC46,-0.03765548550425093,EXPR_KIF1A,0.23005862209530575,-0.008662969109437728,6
46,EXPR_PC46,-0.03765548550425093,EXPR_SYT13,-0.21251584957217476,0.008002387492988598,7
46,EXPR_PC46,-0.03765548550425093,EXPR_PRSS3,-0.18166174996834267,0.0068405613926097834,8
46,EXPR_PC46,-0.03765548550425093,EXPR_PPP1R1B,-0.1780563541626309,0.006704798463110718,9
46,EXPR_PC46,-0.03765548550425093,EXPR_CTNND2,0.17295183619336618,-0.006512585360712881,10
47,EXPR_PC47,0.07224213809624275,EXPR_ESRP1,0.3697423906183439,0.02671098084308533,1
47,EXPR_PC47,0.07224213809624275,EXPR_FABP7,0.3025015235037512,0.021853356835281817,2
47,EXPR_PC47,0.07224213809624275,EXPR_BMP7,-0.28468829305431076,-0.020566490981213142,3
47,EXPR_PC47,0.07224213809624275,EXPR_ADAM6,-0.23928029192730263,-0.017286119893121475,4
47,EXPR_PC47,0.07224213809624275,EXPR_KLK6,0.23132322132071337,0.0167112840995187,5
47,EXPR_PC47,0.07224213809624275,EXPR_CLDN10,-0.22100088822571007,-0.015965576686594055,6
47,EXPR_PC47,0.07224213809624275,EXPR_SFRP1,-0.21684351378864686,-0.015665239068393944,7
47,EXPR_PC47,0.07224213809624275,EXPR_ETNPPL,-0.21501584059028658,-0.0155332040488032,8
47,EXPR_PC47,0.07224213809624275,EXPR_CD24,0.2034816612327714,0.014699950270830755,9
47,EXPR_PC47,0.07224213809624275,EXPR_AP1M2,-0.2023375898843695,-0.014617300110487551,10
48,EXPR_PC48,0.0007240029274064051,EXPR_ESRP1,0.30960276418864624,0.0002241533076056948,1
48,EXPR_PC48,0.0007240029274064051,EXPR_GPRC5A,0.2643731289693387,0.00019140691930139228,2
48,EXPR_PC48,0.0007240029274064051,EXPR_AQP4,-0.2580003210107757,-0.00018679298768359384,3
48,EXPR_PC48,0.0007240029274064051,EXPR_ABCC2,0.2557328585636401,0.00018515133823408358,4
48,EXPR_PC48,0.0007240029274064051,EXPR_ABCB5,-0.24320286322107762,-0.00017607958492567972,5
48,EXPR_PC48,0.0007240029274064051,EXPR_SFRP1,-0.2340162301822264,-0.00016942843571254304,6
48,EXPR_PC48,0.0007240029274064051,EXPR_CLDN10,0.23184561530138728,0.00016785690418454362,7
48,EXPR_PC48,0.0007240029274064051,EXPR_DNER,0.21782347749371547,0.0001577048353632932,8
48,EXPR_PC48,0.0007240029274064051,EXPR_PPP1R1B,0.21152127071616372,0.00015314201920722524,9
48,EXPR_PC48,0.0007240029274064051,EXPR_ADAM6,0.2103323789352361,0.00015228125807746423,10
49,EXPR_PC49,0.02514105384405629,EXPR_AGR2,0.3621534526271655,0.009104919452310456,1
49,EXPR_PC49,0.02514105384405629,EXPR_FXYD3,-0.30454765724683813,-0.0076566490489239575,2
49,EXPR_PC49,0.02514105384405629,EXPR_CCL21,0.26868401065936864,0.006754999179024181,3
49,EXPR_PC49,0.02514105384405629,EXPR_GPRC5A,0.25186267033931703,0.006332092956308569,4
49,EXPR_PC49,0.02514105384405629,EXPR_CXCL14,-0.2346108216352719,-0.005898363299130657,5
49,EXPR_PC49,0.02514105384405629,EXPR_ADAM6,-0.23338869049747188,-0.005867637634390729,6
49,EXPR_PC49,0.02514105384405629,EXPR_TTYH1,0.23293526166473852,0.005856237955692532,7
49,EXPR_PC49,0.02514105384405629,EXPR_FGFR2,-0.22045768050275336,-0.005542538415855481,8
49,EXPR_PC49,0.02514105384405629,EXPR_AQP4,0.2109251450068697,0.005302880427683092,9
49,EXPR_PC49,0.02514105384405629,EXPR_CTNND2,0.18784515194750942,0.00472262507945727,10
50,EXPR_PC50,-0.0004996556027957804,EXPR_DNER,0.28400844216330684,-0.00014190640936819762,1
50,EXPR_PC50,-0.0004996556027957804,EXPR_DKFZp547D155,-0.27254973418797107,0.00013618100172752042,2
50,EXPR_PC50,-0.0004996556027957804,EXPR_DFNB18,0.2677819434900564,-0.00013379874839234974,3
50,EXPR_PC50,-0.0004996556027957804,EXPR_FGFR2,-0.24691274679917252,0.00012337133733990245,4
50,EXPR_PC50,-0.0004996556027957804,EXPR_CTNND2,-0.2469125725912013,0.00012337125029591357,5
50,EXPR_PC50,-0.0004996556027957804,EXPR_CD24,0.23344222664542288,-0.00011664071647250796,6
50,EXPR_PC50,-0.0004996556027957804,EXPR_SFRP1,-0.23227100443493984,0.00011605550873292125,7
50,EXPR_PC50,-0.0004996556027957804,EXPR_AGR2,-0.2068393069466049,0.00010334841859426732,8
50,EXPR_PC50,-0.0004996556027957804,EXPR_TTYH1,0.2031529999368212,-0.00010150653464320354,9
50,EXPR_PC50,-0.0004996556027957804,EXPR_CLDN10,-0.20200027577321114,0.00010093056955637769,10
